date,event_zh,event_en,phase,type,scale_or_outcome,status,source_url,chart_include,date_confidence,profile,chart_label,category,origin,avatar_bg,avatar_fg,corroborating_url,crypto_link_status,verification_note,date_iso
2013-10-02,丝绸之路被查封、Ulbricht 被捕,Silk Road seizure and Ulbricht arrest,公开执法,暗网/洗钱,美国执法部门查封网站并逮捕创办人,后续定罪并判终身监禁；2025年获完全无条件赦免,https://www.justice.gov/archive/usao/nys/pressreleases/October13/SilkRoadSeizurePR.php,1.0,高,ROSS,Silk Road 查封/逮捕,刑事,criminal_timeline,,,,,,2013-10-02
2014-02-24,Mt. Gox 停止交易并下线,Mt. Gox halts trading and goes offline,危机公开,交易所盗窃/欺诈,数日后申请破产并声称约 85 万 BTC 丢失,破产调查延续；Karpelès 并未因盗走 BTC 获罪,https://time.com/10657/mt-gox-bitcoin-bankruptcy/,1.0,中,GOX,Mt. Gox 停止交易,刑事,criminal_timeline,,,,,,2014-02-24
2016-08-02,Bitfinex 被盗约 11.98 万 BTC,Bitfinex hack,犯罪公开,黑客盗窃,约 119754 BTC 被盗,2022 年追缴与洗钱案取得重大进展,https://www.justice.gov/usao-dc/2016-bitfinex-hack,1.0,高,BFX,Bitfinex 被盗,刑事,criminal_timeline,,,,,,2016-08-02
2017-07-25,SEC 发布 The DAO 调查报告,SEC DAO Report,监管结论,民事/证券法,SEC 认定 DAO 代币属于证券但未提起指控,成为美国将证券法适用于代币发行的起点,https://www.sec.gov/newsroom/press-releases/2017-131,,高,SEC,DAO 代币被认定为证券,政策/判决,civil_timeline,#17365D,#FFFFFF,,,,2017-07-25
2017-07-26,BTC-e 与 Vinnik 被起诉,BTC-e and Vinnik charged,起诉/逮捕,洗钱/无牌汇款,交易所累计处理约 90 亿美元并被指帮助清洗 Mt. Gox 被盗币,运营者 2024 年认罪,https://www.justice.gov/usao-ndca/pr/russian-national-and-bitcoin-exchange-charged-21-count-indictment-operating-alleged,1.0,高,BTC-E,BTC-e / Vinnik 起诉,刑事,criminal_timeline,,,,,,2017-07-26
2017-12-26,Pavel Lerner 在基辅被绑架并以 Bitcoin 支付赎金,Pavel Lerner kidnapped in Kyiv,犯罪发生,绑架/勒索,EXMO 员工被蒙面人绑架；超过 100 万美元等值 Bitcoin 赎金支付后获释,乌克兰警方启动刑事调查；付款人未公开,https://www.theguardian.com/uk-news/2017/dec/29/ukraine-kidnappers-release-hostage-after-1m-bitcoin-ransom-paid,,高,PL,Pavel Lerner 绑架,线下暴力,physical_timeline,#334155,#FFFFFF,,确认,Reuters 引述乌克兰内政部顾问、警方与 EXMO 声明,2017-12-26
2018-01-26,Coincheck 流出 5.23 亿枚 NEM,Coincheck hack,犯罪公开,黑客盗窃,日本金融厅称约 580 亿日元资产流出,日本监管整顿交易所安全与治理,https://www.fsa.go.jp/en/conference/minister/2018/20180202.html,1.0,高,CC,Coincheck 被盗,刑事,criminal_timeline,,,,,,2018-01-26
2019-02-05,QuadrigaCX 申请债权人保护,QuadrigaCX creditor protection,危机公开,交易所欺诈/挪用,欠客户约 2.15 亿加元；OSC 后认定为欺诈与类庞氏运作,创办人已死亡且无刑事审判,https://www.osc.ca/quadrigacxreport/web/files/QuadrigaCX-A-Review-by-Staff-of-the-Ontario-Securities-Commission.pdf,1.0,高,QCX,Quadriga 申请保护,刑事,criminal_timeline,,,,,,2019-02-05
2019-03-06,OneCoin 核心人物被捕并公开起诉,OneCoin charges and arrest,起诉/逮捕,诈骗/传销,全球受害者至少 350 万且涉款逾 40 亿美元,Greenwood 2023 年被判 20 年；Ruja Ignatova 仍在逃,https://www.justice.gov/usao-sdny/pr/manhattan-us-attorney-announces-charges-against-leaders-onecoin-multibillion-dollar,1.0,高,1C,OneCoin 起诉/逮捕,刑事,criminal_timeline,,,,,,2019-03-06
2019-10-11,SEC 紧急叫停 Telegram 的 Gram 代币发行,SEC v. Telegram filed,起诉/禁令,民事/未注册发行,涉及约17亿美元融资并取得临时限制令,Telegram 后终止 TON 发行并和解,https://www.sec.gov/newsroom/press-releases/2019-212,,高,TG,SEC 叫停 Telegram Gram,民事,civil_timeline,#27A7E7,#FFFFFF,,,,2019-10-11
2020-07-31,PlusToken 跨国传销团伙主要成员归案,PlusToken takedown announced,抓捕/侦破,诈骗/传销,中国警方称参与者逾 200 万、涉案金额逾 400 亿元人民币,主要组织者后被判刑,https://www.yncaw.gov.cn/html/2020/gczs_0731/65725.html,1.0,高,PLUS,PlusToken 主犯归案,刑事,criminal_timeline,,,,,,2020-07-31
2020-10-01,BitMEX 创办人与高管被刑事起诉,BitMEX executives charged,起诉,AML/BSA/无牌汇款,被控故意规避美国反洗钱要求,四名高管其后认罪；2025年获完全无条件赦免,https://www.justice.gov/usao-sdny/pr/founders-and-executives-shore-cryptocurrency-derivatives-exchange-charged-violation,1.0,高,BMX,BitMEX 高管起诉,刑事,criminal_timeline,,,,,,2020-10-01
2020-12-22,SEC 起诉 Ripple 及两名高管,SEC v. Ripple filed,起诉,民事/未注册发行,被指通过 XRP 进行逾13亿美元未注册发行,2025年双方撤回上诉；1.25亿美元罚款与禁令保留,https://www.sec.gov/enforcement-litigation/litigation-releases/lr-26369,,高,XRP,SEC 起诉 Ripple,民事,civil_timeline,#23292F,#FFFFFF,,,,2020-12-22
2022-02-08,Bitfinex 被盗币洗钱案逮捕与追缴,Bitfinex laundering arrests and seizure,逮捕/追缴,洗钱/被盗资产,司法部宣布查扣逾 36 亿美元等值 BTC,两名被告其后认罪,https://www.justice.gov/archives/opa/pr/two-arrested-alleged-conspiracy-launder-45-billion-stolen-cryptocurrency,1.0,高,BFX,Bitfinex 洗钱案追缴,刑事,criminal_timeline,,,,,,2022-02-08
2022-02-14,BlockFi 与 SEC 达成一亿美元和解,BlockFi SEC settlement,和解,民事/借贷产品,首宗针对加密借贷产品的证券执法和解,BlockFi支付SEC与州监管合计一亿美元,https://www.sec.gov/newsroom/press-releases/2022-26,,高,BFI,BlockFi 一亿美元和解,民事,civil_timeline,#3D5AFE,#FFFFFF,,,,2022-02-14
2022-02-25,BitConnect 创办人被起诉,BitConnect founder indicted,起诉,诈骗/庞氏,被指策划约 24 亿美元全球庞氏骗局,创办人仍被列为逃犯,https://www.justice.gov/archives/opa/pr/bitconnect-founder-indicted-global-24-billion-cryptocurrency-scheme,0.0,高,BCC,BitConnect 创办人起诉,刑事,criminal_timeline,,,,,,2022-02-25
2022-03-29,Ronin 跨链桥盗窃公开,Ronin bridge exploit disclosed,犯罪公开,国家支持型黑客盗窃,173600 ETH 与 2550 万 USDC 被盗；FBI/财政部归因朝鲜 Lazarus,追赃与制裁持续,https://home.treasury.gov/news/press-releases/jy0768,1.0,高,DPRK,Ronin / Lazarus 盗窃,刑事,criminal_timeline,,,,,,2022-03-29
2022-05-09,TerraUSD 脱锚进入失控阶段,TerraUSD depeg crisis,危机公开,欺诈/市场操纵,UST/LUNA 崩盘造成逾 400 亿美元损失,Kwon 2025 年认罪并被判 15 年,https://www.sec.gov/files/terraform-labs-pte-ltd-amended-complaint.pdf,1.0,中,LUNA,TerraUSD 失控脱锚,刑事,criminal_timeline,,,,,,2022-05-09
2022-06-12,Celsius 暂停提款,Celsius withdrawal freeze,危机公开,欺诈/市场操纵,约 47 亿美元客户资产一度无法提取,Mashinsky 2024 年认罪、2025 年被判 12 年,https://www.justice.gov/usao-sdny/pr/celsius-founder-and-former-chief-revenue-officer-charged-connection-multibillion,1.0,高,CEL,Celsius 暂停提款,刑事,criminal_timeline,,,,,,2022-06-12
2022-11-08,FTX 挤兑与救助失败预期爆发,FTX liquidity crisis,危机公开,欺诈/挪用,约 60 亿美元客户提款压力暴露资金缺口,SBF 后被判 25 年并没收 110 亿美元,https://www.investing.com/news/stock-market-news/cryptocurrencies-slide-as-concerns-over-ftx-exchange-rattle-markets-2935612,1.0,高,FTX,FTX 挤兑爆发,刑事,criminal_timeline,,,,,,2022-11-08
2022-12-05,Aiden Pleterski 被绑架并连续三日遭殴打,Aiden Pleterski kidnapped and assaulted,犯罪发生,绑架/酷刑/勒索,被诱入车辆后持枪控制并连续三日遭反复殴打；绑匪索要大额加元,多人被起诉；截至来源日期相关指控尚未获法院证明,https://toronto.citynews.ca/2023/07/21/5th-person-charged-in-toronto-kidnapping-of-crypto-king-aiden-pleterski/,,高,AP,Aiden Pleterski 绑架,线下暴力,physical_timeline,#111827,#FFFFFF,,确认,警方通报与法院材料确认受害者及绑架经过；诉讼仍需无罪推定,2022-12-05
2022-12-12,SBF 在巴哈马被捕,Sam Bankman-Fried arrested,逮捕,欺诈/挪用,被控将客户资金挪用于 Alameda、投资和政治捐款,2023 年七项罪名成立,https://www.justice.gov/usao-sdny/pr/united-states-attorney-announces-charges-against-ftx-founder-samuel-bankman-fried,0.0,高,SBF,SBF 被捕,刑事,criminal_timeline,,,,,,2022-12-12
2023-01-18,Bitzlato 创办人被捕、平台被打击,Bitzlato founder arrested,逮捕/查封,洗钱/无牌汇款,被指处理逾 7 亿美元与 Hydra 等相关的非法资金,创办人 2023 年认罪,https://www.justice.gov/archives/opa/pr/founder-and-majority-owner-cryptocurrency-exchange-charged-processing-over-700-million,1.0,高,BZ,Bitzlato 查封/逮捕,刑事,criminal_timeline,,,,,,2023-01-18
2023-02-09,Kraken 关闭美国质押服务并支付三千万美元,Kraken staking settlement,和解,民事/质押服务,SEC 指控其未注册质押即服务产品,相关实体同意停止美国质押项目并支付三千万美元,https://www.sec.gov/newsroom/press-releases/2023-25,,高,KRK,Kraken 质押案和解,民事,civil_timeline,#5741D9,#FFFFFF,,,,2023-02-09
2023-02-16,SEC 起诉 Terraform 与 Do Kwon,SEC v. Terraform filed,起诉,民事/欺诈与证券法,指控数十亿美元加密资产证券欺诈,陪审团2024年认定民事责任；刑事案另行推进,https://www.sec.gov/newsroom/press-releases/2023-32,,高,LUNA,SEC 起诉 Terraform,民事,civil_timeline,#111827,#FFFFFF,,,,2023-02-16
2023-05-09,Coinbase 前员工获刑,Coinbase insider trading sentence,量刑,内幕交易,首宗被称为加密资产内幕交易刑事案的量刑,被判两年监禁,https://www.justice.gov/usao-sdny/pr/former-coinbase-insider-sentenced-first-ever-cryptocurrency-insider-trading-case,0.0,高,CB,Coinbase 内幕案判刑,政策/判决,criminal_timeline,,,,,,2023-05-09
2023-06-05,SEC 对 Binance 与 CZ 提出十三项指控,SEC v. Binance filed,起诉,民事/交易平台与证券法,涉及未注册交易所、证券发行与市场控制等指控,2025-05-29双方有偏见撤诉,https://www.sec.gov/newsroom/press-releases/2023-101-sec-files-13-charges-against-binance-entities-founder-changpeng-zhao,,高,BNB,SEC 起诉 Binance,民事,civil_timeline,#F3BA2F,#111827,,,,2023-06-05
2023-06-06,SEC 起诉 Coinbase,SEC v. Coinbase filed,起诉,民事/交易平台与证券法,指控未注册交易所、经纪商、清算机构与质押项目,2025-02-27有偏见撤诉且不代表对指控实体判断,https://www.sec.gov/newsroom/press-releases/2023-102,,高,CB,SEC 起诉 Coinbase,民事,civil_timeline,#0052FF,#FFFFFF,,,,2023-06-06
2023-07-13,Celsius 创办人 Mashinsky 被捕并起诉,Mashinsky arrested and charged,起诉/逮捕,欺诈/市场操纵,被控误导客户并操纵 CEL,Mashinsky 2025 年被判 12 年,https://www.justice.gov/usao-sdny/pr/celsius-founder-and-former-chief-revenue-officer-charged-connection-multibillion,1.0,高,CEL,Mashinsky 被捕起诉,刑事,criminal_timeline,,,,,,2023-07-13
2023-08-23,Tornado Cash 创办人被起诉,Tornado Cash founders charged,起诉/逮捕,洗钱/制裁规避/无牌汇款,检方称平台处理逾 10 亿美元洗钱并服务 Lazarus,Storm 2025 年仅在无牌汇款合谋罪上被定罪,https://www.justice.gov/usao-sdny/pr/tornado-cash-founders-charged-money-laundering-and-sanctions-violations,1.0,高,TC,Tornado 创办人起诉,刑事,criminal_timeline,,,,,,2023-08-23
2023-08-29,Grayscale 在现货比特币 ETF 案中胜诉,Grayscale v. SEC decision,法院裁定,民事/行政法,联邦上诉法院撤销SEC拒绝GBTC转ETF的命令,为2024年现货比特币ETF批准清除关键障碍,https://media.cadc.uscourts.gov/opinions/docs/2023/08/22-1142-2014527.pdf,,高,GBTC,Grayscale 胜诉 SEC,政策/判决,civil_timeline,#111111,#FFFFFF,,,,2023-08-29
2023-11-02,SBF 七项罪名成立,Sam Bankman-Fried convicted,定罪,欺诈/挪用,陪审团裁定全部七项指控成立,2024 年被判 25 年,https://www.justice.gov/usao-sdny/pr/statement-us-attorney-damian-williams-conviction-samuel-bankman-fried,0.0,高,SBF,SBF 七项罪名成立,政策/判决,criminal_timeline,,,,,,2023-11-02
2023-11-20,SEC 再次起诉 Kraken 交易平台,SEC v. Kraken filed,起诉,民事/交易平台与证券法,指控未注册交易所、经纪商、交易商和清算机构,2025-03-27有偏见撤诉,https://www.sec.gov/newsroom/press-releases/2023-237,,高,KRK,SEC 起诉 Kraken,民事,civil_timeline,#5741D9,#FFFFFF,,,,2023-11-20
2023-11-21,Binance 与 CZ 认罪,Binance and CZ guilty pleas,认罪/和解,AML/BSA/制裁规避,Binance 支付逾 43 亿美元；CZ 承认反洗钱失职,CZ 2024 年服刑四个月、2025 年获总统赦免,https://www.justice.gov/archives/opa/pr/binance-and-ceo-plead-guilty-federal-charges-4b-resolution,1.0,高,CZ,Binance / CZ 认罪,刑事,criminal_timeline,,,,,,2023-11-21
2024-01-09,SEC 的 X 账号被劫持并发布虚假 ETF 消息,SEC X account hack,犯罪公开,账号劫持/市场操纵,假消息令 BTC 短时先涨后跌,被告 2025 年认罪,https://www.justice.gov/usao-dc/pr/fbi-arrests-alabama-man-january-2024-sec-x-hack-spiked-value-bitcoin,0.0,高,SEC,SEC X 账号被黑,刑事,criminal_timeline,,,,,,2024-01-09
2024-01-10,SEC 批准美国现货比特币 ETP,Spot Bitcoin ETP approval,监管批准,政策/市场准入,批准多项交易所规则变更使现货比特币产品上市交易,批准仅针对比特币商品型ETP并非对其他代币定性,https://www.sec.gov/newsroom/speeches-statements/gensler-statement-spot-bitcoin-011023,,高,ETF,现货 BTC ETF 获批,政策/判决,civil_timeline,#6B7280,#FFFFFF,,,,2024-01-10
2024-03-26,KuCoin 与两名创办人被起诉,KuCoin and founders charged,起诉,AML/BSA/无牌汇款,被控在美国运营无牌汇款业务且缺乏 AML/KYC,公司 2025 年认罪并支付约 2.97 亿美元,https://www.justice.gov/usao-sdny/pr/prominent-global-cryptocurrency-exchange-kucoin-and-two-its-founders-criminally,1.0,高,KUC,KuCoin 与创办人起诉,刑事,criminal_timeline,,,,,,2024-03-26
2024-03-28,SBF 被判 25 年监禁,Sam Bankman-Fried sentenced,量刑,欺诈/挪用,法院判处 25 年并命令没收 110 亿美元,案件进入上诉阶段,https://www.justice.gov/archives/opa/pr/samuel-bankman-fried-sentenced-25-years-his-orchestration-multiple-fraudulent-schemes,0.0,高,SBF,SBF 判刑 25 年,政策/判决,criminal_timeline,,,,,,2024-03-28
2024-04-18,Mango Markets 操纵案一审定罪,Mango Markets manipulation conviction,定罪,市场操纵/欺诈,司法部称为首宗加密开放市场操纵案,2025 年法院撤销定罪；不应视为最终有效先例,https://www.justice.gov/archives/opa/pr/man-convicted-110m-cryptocurrency-scheme,0.0,高,MNGO,Mango 一审定罪,政策/判决,criminal_timeline,,,,,,2024-04-18
2024-04-24,Samourai Wallet 创办人被捕并查封服务,Samourai Wallet founders arrested,起诉/逮捕/查封,洗钱/无牌汇款,检方指称处理逾 20 亿美元非法交易,两名创办人 2025 年认罪,https://www.justice.gov/usao-sdny/pr/founders-and-ceo-cryptocurrency-mixing-service-arrested-and-charged-money-laundering,1.0,高,SW,Samourai 查封/逮捕,刑事,criminal_timeline,,,,,,2024-04-24
2024-04-30,CZ 被判四个月监禁,Changpeng Zhao sentenced,量刑,AML/BSA,另处 5000 万美元罚款,2025 年获总统赦免,https://www.justice.gov/criminal/case/united-states-v-changpeng-zhao,0.0,高,CZ,CZ 判刑 4 个月,政策/判决,criminal_timeline,,,,,,2024-04-30
2024-06-21,Kevin Mirshahi 被绑架后遇害,Kevin Mirshahi abducted and killed,犯罪发生,绑架/酷刑/杀人,蒙特利尔 Crypto influencer 与三人一同被绑架；其余三人获释、Mirshahi 被害,法院报道指行凶者意图取得手机密码并转走 Crypto；一名涉案者就非法拘禁认罪,https://www.tvanouvelles.ca/2026/01/06/meurtre-de-linfluenceur-en-cryptomonnaie-kevin-mirshahi--elle-veut-une-peine-a-la-maison-pour-avoir-prete-son-sous-sol-aux-suspects,,高,KM,Kevin Mirshahi 遇害,线下暴力,physical_timeline,#0F766E,#FFFFFF,https://montreal.citynews.ca/2024/11/12/body-ahuntsic-park-kidnapping-victim/,确认,法院量刑报道给出 Crypto 钱包目标；其他被告责任按各自诉讼状态区分,2024-06-21
2024-06-25,Remy St Felix 暴力入室团伙被定罪,Remy St Felix home-invasion crew conviction,定罪,入室抢劫/绑架/酷刑,团伙在 2022-09 至 2023-07 跨美国多州锁定 Crypto 持有人；受害者被绑并被迫清空账户,联邦陪审团九项罪名成立；另有十三名同谋认罪,https://www.justice.gov/archives/opa/pr/man-convicted-violent-home-invasion-robberies-steal-cryptocurrency,,高,RSF,St Felix 入室团伙定罪,线下暴力,physical_timeline,#7F1D1D,#FFFFFF,,确认,DOJ 审判证据与陪审团裁决,2024-06-25
2024-06-28,SEC 起诉 Consensys,SEC v. Consensys filed,起诉,民事/经纪与质押服务,围绕MetaMask相关经纪与质押服务提起民事诉讼,2025-03-27有偏见撤诉,https://www.sec.gov/enforcement-litigation/litigation-releases/lr-26277,,高,MM,SEC 起诉 Consensys,民事,civil_timeline,#FF4A8D,#FFFFFF,,,,2024-06-28
2024-07-28,基辅 29 岁 Crypto 持有人因约 3 BTC 被绑架杀害,Kyiv crypto holder kidnapped and murdered for 3 BTC,犯罪发生,绑架/抢劫/杀人,四人被指跟踪受害者、强迫转移 Bitcoin 后勒死并埋尸,四名嫌疑人被羁押并面临谋财杀人、抢劫、非法拘禁等指控,https://www.pravda.com.ua/rus/news/2024/07/29/7467895/,,高,KYIV,基辅 3 BTC 绑架杀人,线下暴力,physical_timeline,#991B1B,#FFFFFF,,确认,乌克兰首都警方通报；嫌疑人责任仍待法院裁判,2024-07-28
2024-10-09,FBI 以自建代币侦破刷量与拉盘案,Operation Token Mirrors,起诉/抓捕/查封,市场操纵/欺诈,18 个个人和实体被起诉；逾 2500 万美元加密资产被查扣,多名被告已认罪或同意认罪,https://www.justice.gov/usao-ma/pr/eighteen-individuals-and-entities-charged-international-operation-targeting-widespread,1.0,高,GOT,Token Mirrors 行动,刑事,criminal_timeline,,,,,,2024-10-09
2024-11-06,WonderFi CEO Dean Skurka 在多伦多被绑架,WonderFi CEO Dean Skurka kidnapped,犯罪发生,绑架/勒索,警方称受害者被强行拉入车辆并遭索款；CBC 报道支付 100 万加元电子赎金后获释,WonderFi 与 Skurka 确认事件及安全；警方调查继续,https://betakit.com/wonderfi-ceo-dean-skurka-kidnapped-released-after-reportedly-paying-1-million-ransom/,,高,DS,Dean Skurka 绑架,线下暴力,physical_timeline,#0052FF,#FFFFFF,,确认,警方确认绑架经过；赎金数额来自 CBC 报道,2024-11-06
2024-12-03,Mashinsky 认罪,Mashinsky guilty plea,认罪,欺诈/市场操纵,承认商品欺诈与操纵 CEL,2025 年被判 12 年,https://www.justice.gov/usao-sdny/pr/founder-celsius-sentenced-12-years-fraud-and-market-manipulation,0.0,高,CEL,Mashinsky 认罪,刑事,criminal_timeline,,,,,,2024-12-03
2025-01-21,Ledger 联合创办人 David Balland 及妻子被绑架,David Balland and wife kidnapped,犯罪发生,绑架/酷刑/勒索,绑匪索要大额 Crypto 赎金并切断 Balland 一根手指；法国 GIGN 解救两人,十人被捕；司法调查涉及有组织绑架、酷刑与持械勒索,https://www.lemonde.fr/en/pixels/article/2025/01/24/kidnappers-of-french-crypto-figure-and-his-wife-arrested-after-massive-manhunt_6737379_13.html,,高,DB,David Balland 绑架,线下暴力,physical_timeline,#172852,#FFFFFF,,确认,巴黎检察机关发布会与 Le Monde 调查报道,2025-01-21
2025-01-21,Ross Ulbricht 获完全无条件赦免,Ross Ulbricht pardoned,赦免,暗网/洗钱,赦免覆盖其Silk Road相关联邦定罪与终身刑,刑罚后果终止；历史定罪事实仍存在,https://www.justice.gov/pardon/clemency-grants-president-donald-j-trump-2025-present,0.0,高,ROSS,Ulbricht 获赦免,政策/判决,criminal_timeline,,,,,,2025-01-21
2025-01-27,KuCoin 对无牌汇款罪认罪,KuCoin guilty plea,认罪/和解,AML/BSA/无牌汇款,同意支付近 2.97 亿美元并退出美国市场两年,已生效,https://www.justice.gov/usao-sdny/pr/kucoin-pleads-guilty-unlicensed-money-transmission-charge-and-agrees-pay-penalties,0.0,高,KUC,KuCoin 认罪,刑事,criminal_timeline,,,,,,2025-01-27
2025-02-21,Bybit 被盗约 15 亿美元,Bybit hack,犯罪公开,国家支持型黑客盗窃,FBI 归因朝鲜 TraderTraitor 并称其迅速兑换与分散资产,追踪与制裁持续,https://www.fbi.gov/investigate/cyber/alerts/2025/north-korea-responsible-for-1-5-billion-bybit-hack,1.0,高,DPRK,Bybit / DPRK 盗窃,刑事,criminal_timeline,,,,,,2025-02-21
2025-02-24,OKX 对无牌汇款罪认罪,OKX guilty plea,认罪/和解,AML/无牌汇款,同意支付逾 5.04 亿美元罚没与处罚,已生效,https://www.justice.gov/usao-sdny/pr/okx-pleads-guilty-violating-us-anti-money-laundering-laws-and-agrees-pay-penalties,1.0,高,OKX,OKX 认罪,刑事,criminal_timeline,,,,,,2025-02-24
2025-02-27,SEC 开始撤回七宗前政府时期加密民事案件,SEC crypto case dismissal wave,撤诉/政策转折,民事/执法政策,自Coinbase案起陆续撤回Coinbase、Kraken、Consensys、Binance等七案,撤诉基于监管政策调整而非对原指控实体判断,https://www.sec.gov/newsroom/press-releases/2026-34,,高,SEC,SEC 连续撤回七案,政策/判决,civil_timeline,#17365D,#FFFFFF,,,,2025-02-27
2025-03-27,BitMEX公司及四名相关个人获完全无条件赦免,BitMEX pardons,赦免,AML/BSA,赦免覆盖Arthur Hayes、Benjamin Delo、Samuel Reed、Gregory Dwyer及HDR Global Trading,刑罚后果终止；历史认罪事实仍存在,https://www.justice.gov/pardon/clemency-grants-president-donald-j-trump-2025-present,0.0,高,BMX,BitMEX 相关方获赦,政策/判决,criminal_timeline,,,,,,2025-03-27
2025-04-07,美国司法部结束以起诉代监管并解散 NCET,DOJ enforcement reset and NCET dissolution,政策转折,执法政策,缩小数字资产刑事执法重点至投资者受害、恐怖融资、毒品、黑客等行为人,政策已实施；不是一宗刑案,https://www.justice.gov/dag/media/1395781/dl?inline=,0.0,高,DOJ,DOJ 解散 NCET,政策/判决,criminal_timeline,,,,,,2025-04-07
2025-05-01,French Crypto investor 的父亲 Dominique B. 被绑架,Father of French crypto investor kidnapped,犯罪发生,绑架/酷刑/勒索,绑匪索要 800 万欧元 Crypto 赎金并切断受害者一截手指；约 58 小时后获救,多名嫌疑人被捕；警方怀疑与其他 Crypto 绑架共享幕后组织者,https://www.lemonde.fr/en/france/article/2025/05/30/how-french-police-tracked-the-kidnappers-of-a-crypto-investor-s-relative_6741826_7.html,,高,DOM,Crypto 投资者父亲绑架,线下暴力,physical_timeline,#475569,#FFFFFF,,确认,Le Monde 基于警方调查材料重建案件,2025-05-01
2025-05-06,纽约 SoHo Bitcoin 密码酷刑案,SoHo Bitcoin password torture case,犯罪发生,绑架/酷刑/抢劫,受害者称被控制 17 日、遭电击殴打并被要求交出 Bitcoin 密码,两名被告被起诉并否认指控；案件仍在审理,https://www.investing.com/news/world-news/second-man-charged-in-violent-new-york-kidnapping-crypto-case-appears-in-court-4073396,,高,NYC,SoHo Bitcoin 酷刑案,线下暴力,physical_timeline,#111827,#FFFFFF,https://apnews.com/article/9629e93d0b14db0a288a86489fefc51d,确认,Reuters 与 AP 引述检方和法庭材料；被告责任尚未定案,2025-05-06
2025-05-08,Mashinsky 被判 12 年监禁,Mashinsky sentenced,量刑,欺诈/市场操纵,另被命令没收 4840 万美元,已判刑,https://www.justice.gov/usao-sdny/pr/founder-celsius-sentenced-12-years-fraud-and-market-manipulation,0.0,高,CEL,Mashinsky 判刑 12 年,政策/判决,criminal_timeline,,,,,,2025-05-08
2025-05-13,Paymium 创办人女儿遭街头绑架未遂,Attempted kidnapping of Paymium founder's daughter,犯罪发生,绑架未遂,蒙面人当街袭击 Paymium 创办人的女儿及其伴侣；受害者反抗且邻居介入后脱险,警方后续逮捕涉嫌参与该案及其他 Crypto 绑架的人员,https://www.lemonde.fr/en/france/article/2025/05/30/how-french-police-tracked-the-kidnappers-of-a-crypto-investor-s-relative_6741826_7.html,,高,PAY,Paymium 女儿绑架未遂,线下暴力,physical_timeline,#6B7280,#FFFFFF,https://reuters.screenocean.com/record/1999239,确认,Le Monde 基于警方调查并识别受害者与 Crypto 行业关系,2025-05-13
2025-07-30,Samourai Wallet 两名创办人认罪,Samourai Wallet founders plead guilty,认罪,无牌汇款/洗钱基础设施,承认服务处理逾 2 亿美元犯罪所得并同意没收约 2.378 亿美元,2025年11月分别被判五年和四年,https://www.justice.gov/usao-sdny/pr/founders-samourai-wallet-cryptocurrency-mixing-service-plead-guilty,0.0,高,SW,Samourai 创办人认罪,刑事,criminal_timeline,,,,,,2025-07-30
2025-08-06,Tornado Cash 创办人 Storm 部分定罪,Roman Storm convicted on one count,定罪,无牌汇款,仅无牌汇款合谋罪成立；其余两项未形成有罪裁决,后续程序持续,https://www.justice.gov/usao-sdny/pr/founder-tornado-cash-crypto-mixing-service-convicted-knowingly-transmitting-criminal,0.0,高,TC,Roman Storm 部分定罪,政策/判决,criminal_timeline,,,,,,2025-08-06
2025-08-12,Do Kwon 就欺诈指控认罪,Do Kwon guilty plea,认罪,欺诈/市场操纵,承认围绕 Terraform 产品的欺诈计划,2025 年 12 月被判 15 年,https://www.justice.gov/usao-sdny/pr/do-kwon-pleads-guilty-fraud,0.0,高,DK,Do Kwon 认罪,刑事,criminal_timeline,,,,,,2025-08-12
2025-09-19,明尼苏达家庭遭持枪绑架并被迫转移 800 万美元 Crypto,Minnesota family held at gunpoint for $8M crypto,犯罪发生,绑架/入室抢劫,一家三口被持枪控制九小时；一名受害者被押往三小时车程外取硬件钱包,两兄弟被州与联邦起诉；其中一人被控后供认，刑事投诉仍属指控,https://www.justice.gov/usao-mn/pr/brothers-charged-8-million-armed-crypto-kidnapping-heist-0,,高,MN8M,明州 800 万美元绑架,线下暴力,physical_timeline,#7C2D12,#FFFFFF,,确认,DOJ 联邦刑事投诉及地方执法材料,2025-09-19
2025-10-21,CZ 获美国总统完全无条件赦免,Changpeng Zhao pardoned,赦免,AML/BSA,赦免覆盖其联邦定罪,刑罚已完成；赦免不等于否认历史事实,https://www.justice.gov/pardon/clemency-grants-president-donald-j-trump-2025-present,1.0,高,CZ,CZ 获赦免,政策/判决,criminal_timeline,,,,,,2025-10-21
2025-11-19,Samourai Wallet 两名创办人完成量刑,Samourai Wallet founders sentenced,量刑,无牌汇款/洗钱基础设施,CEO 与 CTO 分别被判五年和四年并各处罚金25万美元,已判刑,https://www.justice.gov/usao-sdny/pr/founders-samourai-wallet-cryptocurrency-mixing-service-sentenced-five-and-four-years,0.0,高,SW,Samourai 创办人判刑,政策/判决,criminal_timeline,,,,,,2025-11-19
2025-12-10,Paxful 对三项刑事罪名认罪,Paxful guilty plea,认罪/和解,AML/无牌汇款/协助犯罪,司法部称平台处理逾 30 亿美元交易且明知服务犯罪活动,2026 年被判处罚金与没收,https://www.justice.gov/opa/pr/virtual-asset-trading-platform-pleads-guilty-violating-travel-act-and-other-federal-criminal,0.0,高,PAX,Paxful 认罪,刑事,criminal_timeline,,,,,,2025-12-10
2025-12-11,Do Kwon 被判 15 年监禁,Do Kwon sentenced,量刑,欺诈/市场操纵,另被命令没收逾 1900 万美元,已判刑,https://www.justice.gov/usao-sdny/pr/crypto-enabled-fraudster-sentenced-orchestrating-40-billion-fraud,0.0,高,DK,Do Kwon 判刑 15 年,政策/判决,criminal_timeline,,,,,,2025-12-11
2026-02-11,Paxful 被判刑并支付约 750 万美元,Paxful sentenced,量刑,AML/无牌汇款/协助犯罪,罚款 400 万美元并没收约 350 万美元,已判刑,https://www.justice.gov/opa/pr/virtual-asset-trading-platform-sentenced-violating-travel-act-and-other-federal-criminal,0.0,高,PAX,Paxful 判刑,政策/判决,criminal_timeline,,,,,,2026-02-11
2026-03-30,十名跨国做市人员被起诉或押解到案,Market-maker manipulation indictments,起诉/逮捕,市场操纵/欺诈,涉及 Gotbit、Vortex、Antier 与 Contrarian 的刷量和拉盘计划,部分被告已认罪；其余仅属指控,https://www.justice.gov/usao-ndca/pr/ten-foreign-nationals-charged-international-operation-targeting-cryptocurrency-market,0.0,高,MM,跨国做市操纵案,刑事,criminal_timeline,,,,,,2026-03-30
2026-04-29,跨国诈骗园区联合行动逮捕至少 276 人,Scam-center coordinated takedown,抓捕/侦破,投资诈骗/人口贩运/洗钱,至少九个诈骗中心被打击,案件处于起诉与调查阶段,https://www.justice.gov/opa/pr/coordinated-takedown-scam-centers-leads-at-least-276-arrests-alleged-managers-and-recruiters,0.0,高,SCAM,诈骗园区 276 人被捕,刑事,criminal_timeline,,,,,,2026-04-29
2026-05-11,三人因 600 万美元加密资产绑架抢劫案被起诉,Crypto robbery and kidnapping indictment,起诉,线下暴力/绑架/抢劫,涉及多州家庭入侵与强迫转币,仅属指控、无罪推定,https://www.justice.gov/usao-ndca/pr/three-tennessee-men-indicted-robbery-kidnapping-and-conspiracy-charges-related-6,0.0,高,KID,Crypto 绑架抢劫案,刑事,criminal_timeline,,,,,,2026-05-11
2026-06-30,郭文贵因十亿美元级诈骗被判三十年,Miles Guo sentenced for billion-dollar fraud,量刑,诈骗/虚假加密资产,检方称H Coin与H Dollar只是内部表格中的虚假数字且被用于募资骗局,已判刑,https://www.justice.gov/usao-sdny/pr/miles-guo-sentenced-30-years-prison-leading-billion-dollar-fraud,0.0,高,HCO,H Coin 诈骗判刑,政策/判决,criminal_timeline,,,,,,2026-06-30
2026-08-07,Harry Yeh 在巴拉圭高层公寓坠亡且房间被翻乱,Harry Yeh dies after high-rise fall in Paraguay,公开调查,可疑死亡/疑似入室洗劫,Harry Yeh 被发现裸体死于 Asunción Jade Park 楼外；其 30 层公寓门开着且内部被翻乱,检方下令尸检；意外、自杀与他杀均在调查，尚无证据证明 Crypto 是动机,https://www.dimsumdaily.hk/chinese-crypto-investor-harry-chun-tak-yeh-found-dead-after-falling-from-thirty-storey-building-in-paraguay/,,中,HY,Harry Yeh 可疑死亡,线下暴力,physical_timeline,#1D4ED8,#FFFFFF,https://x.com/planbparaguay/status/2086495841179627775,关联待证,目前仅找到二手媒体与社交平台交叉报道；未找到巴拉圭警方或检方公开原始通报,2026-08-07
