event_date,event_zh,event_en,phase,type,event_class,asset,window_days,baseline_date,target_date,baseline_price,target_price,return_pct
2013-10-02,丝绸之路被查封、Ulbricht 被捕,Silk Road seizure and Ulbricht arrest,公开执法,暗网/洗钱,司法/执法节点,BTC,1,2013-10-01,2013-10-03,127.57542431,117.57549503,-7.83844485
2013-10-02,丝绸之路被查封、Ulbricht 被捕,Silk Road seizure and Ulbricht arrest,公开执法,暗网/洗钱,司法/执法节点,BTC,7,2013-10-01,2013-10-09,127.57542431,125.93352031,-1.28700650
2013-10-02,丝绸之路被查封、Ulbricht 被捕,Silk Road seizure and Ulbricht arrest,公开执法,暗网/洗钱,司法/执法节点,BTC,30,2013-10-01,2013-11-01,127.57542431,203.03710985,59.15064437
2013-10-02,丝绸之路被查封、Ulbricht 被捕,Silk Road seizure and Ulbricht arrest,公开执法,暗网/洗钱,司法/执法节点,S&P 500,1,2013-10-01,2013-10-03,1695.00000000,1678.66003418,-0.96400978
2013-10-02,丝绸之路被查封、Ulbricht 被捕,Silk Road seizure and Ulbricht arrest,公开执法,暗网/洗钱,司法/执法节点,S&P 500,7,2013-10-01,2013-10-09,1695.00000000,1656.40002441,-2.27728470
2013-10-02,丝绸之路被查封、Ulbricht 被捕,Silk Road seizure and Ulbricht arrest,公开执法,暗网/洗钱,司法/执法节点,S&P 500,30,2013-10-01,2013-11-01,1695.00000000,1761.64001465,3.93156429
2013-10-02,丝绸之路被查封、Ulbricht 被捕,Silk Road seizure and Ulbricht arrest,公开执法,暗网/洗钱,司法/执法节点,Gold (GLD),1,2013-10-01,2013-10-03,124.58999634,127.18000031,2.07882177
2013-10-02,丝绸之路被查封、Ulbricht 被捕,Silk Road seizure and Ulbricht arrest,公开执法,暗网/洗钱,司法/执法节点,Gold (GLD),7,2013-10-01,2013-10-09,124.58999634,126.11000061,1.22000507
2013-10-02,丝绸之路被查封、Ulbricht 被捕,Silk Road seizure and Ulbricht arrest,公开执法,暗网/洗钱,司法/执法节点,Gold (GLD),30,2013-10-01,2013-11-01,124.58999634,126.94999695,1.89421356
2014-02-24,Mt. Gox 停止交易并下线,Mt. Gox halts trading and goes offline,危机公开,交易所盗窃/欺诈,公开危机/盗窃,BTC,1,2014-02-23,2014-02-25,610.08232375,533.70764444,-12.51874974
2014-02-24,Mt. Gox 停止交易并下线,Mt. Gox halts trading and goes offline,危机公开,交易所盗窃/欺诈,公开危机/盗窃,BTC,7,2014-02-23,2014-03-03,610.08232375,676.50573278,10.88761409
2014-02-24,Mt. Gox 停止交易并下线,Mt. Gox halts trading and goes offline,危机公开,交易所盗窃/欺诈,公开危机/盗窃,BTC,30,2014-02-23,2014-03-26,610.08232375,579.24385040,-5.05480525
2014-02-24,Mt. Gox 停止交易并下线,Mt. Gox halts trading and goes offline,危机公开,交易所盗窃/欺诈,公开危机/盗窃,S&P 500,1,2014-02-21,2014-02-25,1836.25000000,1845.11999512,0.48304943
2014-02-24,Mt. Gox 停止交易并下线,Mt. Gox halts trading and goes offline,危机公开,交易所盗窃/欺诈,公开危机/盗窃,S&P 500,7,2014-02-21,2014-03-03,1836.25000000,1845.72998047,0.51626851
2014-02-24,Mt. Gox 停止交易并下线,Mt. Gox halts trading and goes offline,危机公开,交易所盗窃/欺诈,公开危机/盗窃,S&P 500,30,2014-02-21,2014-03-26,1836.25000000,1852.56005859,0.88822647
2014-02-24,Mt. Gox 停止交易并下线,Mt. Gox halts trading and goes offline,危机公开,交易所盗窃/欺诈,公开危机/盗窃,Gold (GLD),1,2014-02-21,2014-02-25,127.58000183,129.21000671,1.27763353
2014-02-24,Mt. Gox 停止交易并下线,Mt. Gox halts trading and goes offline,危机公开,交易所盗窃/欺诈,公开危机/盗窃,Gold (GLD),7,2014-02-21,2014-03-03,127.58000183,130.28999329,2.12415066
2014-02-24,Mt. Gox 停止交易并下线,Mt. Gox halts trading and goes offline,危机公开,交易所盗窃/欺诈,公开危机/盗窃,Gold (GLD),30,2014-02-21,2014-03-26,127.58000183,125.41000366,-1.70089210
2016-08-02,Bitfinex 被盗约 11.98 万 BTC,Bitfinex hack,犯罪公开,黑客盗窃,公开危机/盗窃,BTC,1,2016-08-01,2016-08-03,606.50924793,570.34704091,-5.96235047
2016-08-02,Bitfinex 被盗约 11.98 万 BTC,Bitfinex hack,犯罪公开,黑客盗窃,公开危机/盗窃,BTC,7,2016-08-01,2016-08-09,606.50924793,587.93213822,-3.06295572
2016-08-02,Bitfinex 被盗约 11.98 万 BTC,Bitfinex hack,犯罪公开,黑客盗窃,公开危机/盗窃,BTC,30,2016-08-01,2016-09-01,606.50924793,572.22170205,-5.65326019
2016-08-02,Bitfinex 被盗约 11.98 万 BTC,Bitfinex hack,犯罪公开,黑客盗窃,公开危机/盗窃,S&P 500,1,2016-08-01,2016-08-03,2170.84008789,2163.79003906,-0.32476132
2016-08-02,Bitfinex 被盗约 11.98 万 BTC,Bitfinex hack,犯罪公开,黑客盗窃,公开危机/盗窃,S&P 500,7,2016-08-01,2016-08-09,2170.84008789,2181.73999023,0.50210526
2016-08-02,Bitfinex 被盗约 11.98 万 BTC,Bitfinex hack,犯罪公开,黑客盗窃,公开危机/盗窃,S&P 500,30,2016-08-01,2016-09-01,2170.84008789,2170.86010742,0.00092220
2016-08-02,Bitfinex 被盗约 11.98 万 BTC,Bitfinex hack,犯罪公开,黑客盗窃,公开危机/盗窃,Gold (GLD),1,2016-08-01,2016-08-03,129.22000122,129.64999390,0.33276015
2016-08-02,Bitfinex 被盗约 11.98 万 BTC,Bitfinex hack,犯罪公开,黑客盗窃,公开危机/盗窃,Gold (GLD),7,2016-08-01,2016-08-09,129.22000122,127.95999908,-0.97508290
2016-08-02,Bitfinex 被盗约 11.98 万 BTC,Bitfinex hack,犯罪公开,黑客盗窃,公开危机/盗窃,Gold (GLD),30,2016-08-01,2016-09-01,129.22000122,125.29000092,-3.04132508
2017-07-26,BTC-e 与 Vinnik 被起诉,BTC-e and Vinnik charged,起诉/逮捕,洗钱/无牌汇款,司法/执法节点,BTC,1,2017-07-25,2017-07-27,2558.69299895,2665.14754649,4.16050490
2017-07-26,BTC-e 与 Vinnik 被起诉,BTC-e and Vinnik charged,起诉/逮捕,洗钱/无牌汇款,司法/执法节点,BTC,7,2017-07-25,2017-08-02,2558.69299895,2690.14567198,5.13749297
2017-07-26,BTC-e 与 Vinnik 被起诉,BTC-e and Vinnik charged,起诉/逮捕,洗钱/无牌汇款,司法/执法节点,BTC,30,2017-07-25,2017-08-25,2558.69299895,4353.13177256,70.13106982
2017-07-26,BTC-e 与 Vinnik 被起诉,BTC-e and Vinnik charged,起诉/逮捕,洗钱/无牌汇款,司法/执法节点,S&P 500,1,2017-07-25,2017-07-27,2477.12988281,2475.41992188,-0.06902993
2017-07-26,BTC-e 与 Vinnik 被起诉,BTC-e and Vinnik charged,起诉/逮捕,洗钱/无牌汇款,司法/执法节点,S&P 500,7,2017-07-25,2017-08-02,2477.12988281,2477.57006836,0.01776998
2017-07-26,BTC-e 与 Vinnik 被起诉,BTC-e and Vinnik charged,起诉/逮捕,洗钱/无牌汇款,司法/执法节点,S&P 500,30,2017-07-25,2017-08-25,2477.12988281,2443.05004883,-1.37577905
2017-07-26,BTC-e 与 Vinnik 被起诉,BTC-e and Vinnik charged,起诉/逮捕,洗钱/无牌汇款,司法/执法节点,Gold (GLD),1,2017-07-25,2017-07-27,118.91999817,119.79000092,0.73158658
2017-07-26,BTC-e 与 Vinnik 被起诉,BTC-e and Vinnik charged,起诉/逮捕,洗钱/无牌汇款,司法/执法节点,Gold (GLD),7,2017-07-25,2017-08-02,118.91999817,120.40000153,1.24453698
2017-07-26,BTC-e 与 Vinnik 被起诉,BTC-e and Vinnik charged,起诉/逮捕,洗钱/无牌汇款,司法/执法节点,Gold (GLD),30,2017-07-25,2017-08-25,118.91999817,122.73999786,3.21224332
2018-01-26,Coincheck 流出 5.23 亿枚 NEM,Coincheck hack,犯罪公开,黑客盗窃,公开危机/盗窃,BTC,1,2018-01-25,2018-01-27,11130.46494740,11320.97018527,1.71156586
2018-01-26,Coincheck 流出 5.23 亿枚 NEM,Coincheck hack,犯罪公开,黑客盗窃,公开危机/盗窃,BTC,7,2018-01-25,2018-02-02,11130.46494740,8786.07737989,-21.06279997
2018-01-26,Coincheck 流出 5.23 亿枚 NEM,Coincheck hack,犯罪公开,黑客盗窃,公开危机/盗窃,BTC,30,2018-01-25,2018-02-25,11130.46494740,9603.22747750,-13.72123696
2018-01-26,Coincheck 流出 5.23 亿枚 NEM,Coincheck hack,犯罪公开,黑客盗窃,公开危机/盗窃,S&P 500,1,2018-01-25,2018-01-29,2839.25000000,2853.53002930,0.50295075
2018-01-26,Coincheck 流出 5.23 亿枚 NEM,Coincheck hack,犯罪公开,黑客盗窃,公开危机/盗窃,S&P 500,7,2018-01-25,2018-02-02,2839.25000000,2762.12988281,-2.71621439
2018-01-26,Coincheck 流出 5.23 亿枚 NEM,Coincheck hack,犯罪公开,黑客盗窃,公开危机/盗窃,S&P 500,30,2018-01-25,2018-02-26,2839.25000000,2779.60009766,-2.10090349
2018-01-26,Coincheck 流出 5.23 亿枚 NEM,Coincheck hack,犯罪公开,黑客盗窃,公开危机/盗窃,Gold (GLD),1,2018-01-25,2018-01-29,127.97000122,127.34999847,-0.48449069
2018-01-26,Coincheck 流出 5.23 亿枚 NEM,Coincheck hack,犯罪公开,黑客盗窃,公开危机/盗窃,Gold (GLD),7,2018-01-25,2018-02-02,127.97000122,126.38999939,-1.23466579
2018-01-26,Coincheck 流出 5.23 亿枚 NEM,Coincheck hack,犯罪公开,黑客盗窃,公开危机/盗窃,Gold (GLD),30,2018-01-25,2018-02-26,127.97000122,126.44999695,-1.18778171
2019-02-05,QuadrigaCX 申请债权人保护,QuadrigaCX creditor protection,危机公开,交易所欺诈/挪用,公开危机/盗窃,BTC,1,2019-02-04,2019-02-06,3411.38796172,3367.50636499,-1.28632677
2019-02-05,QuadrigaCX 申请债权人保护,QuadrigaCX creditor protection,危机公开,交易所欺诈/挪用,公开危机/盗窃,BTC,7,2019-02-04,2019-02-12,3411.38796172,3587.90246581,5.17427235
2019-02-05,QuadrigaCX 申请债权人保护,QuadrigaCX creditor protection,危机公开,交易所欺诈/挪用,公开危机/盗窃,BTC,30,2019-02-04,2019-03-07,3411.38796172,3855.92316832,13.03091913
2019-02-05,QuadrigaCX 申请债权人保护,QuadrigaCX creditor protection,危机公开,交易所欺诈/挪用,公开危机/盗窃,S&P 500,1,2019-02-04,2019-02-06,2724.87011719,2731.61010742,0.24735088
2019-02-05,QuadrigaCX 申请债权人保护,QuadrigaCX creditor protection,危机公开,交易所欺诈/挪用,公开危机/盗窃,S&P 500,7,2019-02-04,2019-02-12,2724.87011719,2744.72998047,0.72883706
2019-02-05,QuadrigaCX 申请债权人保护,QuadrigaCX creditor protection,危机公开,交易所欺诈/挪用,公开危机/盗窃,S&P 500,30,2019-02-04,2019-03-07,2724.87011719,2748.92993164,0.88297106
2019-02-05,QuadrigaCX 申请债权人保护,QuadrigaCX creditor protection,危机公开,交易所欺诈/挪用,公开危机/盗窃,Gold (GLD),1,2019-02-04,2019-02-06,123.95999908,123.44000244,-0.41948745
2019-02-05,QuadrigaCX 申请债权人保护,QuadrigaCX creditor protection,危机公开,交易所欺诈/挪用,公开危机/盗窃,Gold (GLD),7,2019-02-04,2019-02-12,123.95999908,123.86000061,-0.08066995
2019-02-05,QuadrigaCX 申请债权人保护,QuadrigaCX creditor protection,危机公开,交易所欺诈/挪用,公开危机/盗窃,Gold (GLD),30,2019-02-04,2019-03-07,123.95999908,121.51000214,-1.97644157
2019-03-06,OneCoin 核心人物被捕并公开起诉,OneCoin charges and arrest,起诉/逮捕,诈骗/传销,司法/执法节点,BTC,1,2019-03-05,2019-03-07,3840.12804909,3855.92316832,0.41131751
2019-03-06,OneCoin 核心人物被捕并公开起诉,OneCoin charges and arrest,起诉/逮捕,诈骗/传销,司法/执法节点,BTC,7,2019-03-05,2019-03-13,3840.12804909,3851.95746639,0.30804747
2019-03-06,OneCoin 核心人物被捕并公开起诉,OneCoin charges and arrest,起诉/逮捕,诈骗/传销,司法/执法节点,BTC,30,2019-03-05,2019-04-05,3840.12804909,5033.22548369,31.06920966
2019-03-06,OneCoin 核心人物被捕并公开起诉,OneCoin charges and arrest,起诉/逮捕,诈骗/传销,司法/执法节点,S&P 500,1,2019-03-05,2019-03-07,2789.64990234,2748.92993164,-1.45968032
2019-03-06,OneCoin 核心人物被捕并公开起诉,OneCoin charges and arrest,起诉/逮捕,诈骗/传销,司法/执法节点,S&P 500,7,2019-03-05,2019-03-13,2789.64990234,2810.91992188,0.76246197
2019-03-06,OneCoin 核心人物被捕并公开起诉,OneCoin charges and arrest,起诉/逮捕,诈骗/传销,司法/执法节点,S&P 500,30,2019-03-05,2019-04-05,2789.64990234,2892.73999023,3.69544895
2019-03-06,OneCoin 核心人物被捕并公开起诉,OneCoin charges and arrest,起诉/逮捕,诈骗/传销,司法/执法节点,Gold (GLD),1,2019-03-05,2019-03-07,121.72000122,121.51000214,-0.17252636
2019-03-06,OneCoin 核心人物被捕并公开起诉,OneCoin charges and arrest,起诉/逮捕,诈骗/传销,司法/执法节点,Gold (GLD),7,2019-03-05,2019-03-13,121.72000122,123.83999634,1.74169824
2019-03-06,OneCoin 核心人物被捕并公开起诉,OneCoin charges and arrest,起诉/逮捕,诈骗/传销,司法/执法节点,Gold (GLD),30,2019-03-05,2019-04-05,121.72000122,121.98000336,0.21360675
2020-07-31,PlusToken 跨国传销团伙主要成员归案,PlusToken takedown announced,抓捕/侦破,诈骗/传销,司法/执法节点,BTC,1,2020-07-30,2020-08-01,11135.39072618,11797.58212653,5.94672802
2020-07-31,PlusToken 跨国传销团伙主要成员归案,PlusToken takedown announced,抓捕/侦破,诈骗/传销,司法/执法节点,BTC,7,2020-07-30,2020-08-07,11135.39072618,11598.96905850,4.16310791
2020-07-31,PlusToken 跨国传销团伙主要成员归案,PlusToken takedown announced,抓捕/侦破,诈骗/传销,司法/执法节点,BTC,30,2020-07-30,2020-08-30,11135.39072618,11698.97583296,5.06120639
2020-07-31,PlusToken 跨国传销团伙主要成员归案,PlusToken takedown announced,抓捕/侦破,诈骗/传销,司法/执法节点,S&P 500,1,2020-07-30,2020-08-03,3246.21997070,3294.61010742,1.49066105
2020-07-31,PlusToken 跨国传销团伙主要成员归案,PlusToken takedown announced,抓捕/侦破,诈骗/传销,司法/执法节点,S&P 500,7,2020-07-30,2020-08-07,3246.21997070,3351.28002930,3.23638138
2020-07-31,PlusToken 跨国传销团伙主要成员归案,PlusToken takedown announced,抓捕/侦破,诈骗/传销,司法/执法节点,S&P 500,30,2020-07-30,2020-08-31,3246.21997070,3500.31005859,7.82726033
2020-07-31,PlusToken 跨国传销团伙主要成员归案,PlusToken takedown announced,抓捕/侦破,诈骗/传销,司法/执法节点,Gold (GLD),1,2020-07-30,2020-08-03,183.75999451,185.63999939,1.02307626
2020-07-31,PlusToken 跨国传销团伙主要成员归案,PlusToken takedown announced,抓捕/侦破,诈骗/传销,司法/执法节点,Gold (GLD),7,2020-07-30,2020-08-07,183.75999451,190.80999756,3.83652768
2020-07-31,PlusToken 跨国传销团伙主要成员归案,PlusToken takedown announced,抓捕/侦破,诈骗/传销,司法/执法节点,Gold (GLD),30,2020-07-30,2020-08-31,183.75999451,184.83000183,0.58228524
2020-10-01,BitMEX 创办人与高管被刑事起诉,BitMEX executives charged,起诉,AML/BSA/无牌汇款,司法/执法节点,BTC,1,2020-09-30,2020-10-02,10772.35176680,10570.10567779,-1.87745530
2020-10-01,BitMEX 创办人与高管被刑事起诉,BitMEX executives charged,起诉,AML/BSA/无牌汇款,司法/执法节点,BTC,7,2020-09-30,2020-10-08,10772.35176680,10902.52936371,1.20844176
2020-10-01,BitMEX 创办人与高管被刑事起诉,BitMEX executives charged,起诉,AML/BSA/无牌汇款,司法/执法节点,BTC,30,2020-09-30,2020-10-31,10772.35176680,13807.23361105,28.17288100
2020-10-01,BitMEX 创办人与高管被刑事起诉,BitMEX executives charged,起诉,AML/BSA/无牌汇款,司法/执法节点,S&P 500,1,2020-09-30,2020-10-02,3363.00000000,3348.41992188,-0.43354380
2020-10-01,BitMEX 创办人与高管被刑事起诉,BitMEX executives charged,起诉,AML/BSA/无牌汇款,司法/执法节点,S&P 500,7,2020-09-30,2020-10-08,3363.00000000,3446.83007812,2.49271716
2020-10-01,BitMEX 创办人与高管被刑事起诉,BitMEX executives charged,起诉,AML/BSA/无牌汇款,司法/执法节点,S&P 500,30,2020-09-30,2020-11-02,3363.00000000,3310.23999023,-1.56883764
2020-10-01,BitMEX 创办人与高管被刑事起诉,BitMEX executives charged,起诉,AML/BSA/无牌汇款,司法/执法节点,Gold (GLD),1,2020-09-30,2020-10-02,177.11999512,178.53999329,0.80171534
2020-10-01,BitMEX 创办人与高管被刑事起诉,BitMEX executives charged,起诉,AML/BSA/无牌汇款,司法/执法节点,Gold (GLD),7,2020-09-30,2020-10-08,177.11999512,177.85000610,0.41215617
2020-10-01,BitMEX 创办人与高管被刑事起诉,BitMEX executives charged,起诉,AML/BSA/无牌汇款,司法/执法节点,Gold (GLD),30,2020-09-30,2020-11-02,177.11999512,177.91000366,0.44603013
2022-02-08,Bitfinex 被盗币洗钱案逮捕与追缴,Bitfinex laundering arrests and seizure,逮捕/追缴,洗钱/被盗资产,司法/执法节点,BTC,1,2022-02-07,2022-02-09,43888.98011981,44405.07320427,1.17590585
2022-02-08,Bitfinex 被盗币洗钱案逮捕与追缴,Bitfinex laundering arrests and seizure,逮捕/追缴,洗钱/被盗资产,司法/执法节点,BTC,7,2022-02-07,2022-02-15,43888.98011981,44511.90848802,1.41932751
2022-02-08,Bitfinex 被盗币洗钱案逮捕与追缴,Bitfinex laundering arrests and seizure,逮捕/追缴,洗钱/被盗资产,司法/执法节点,BTC,30,2022-02-07,2022-03-10,43888.98011981,39482.25846727,-10.04061074
2022-02-08,Bitfinex 被盗币洗钱案逮捕与追缴,Bitfinex laundering arrests and seizure,逮捕/追缴,洗钱/被盗资产,司法/执法节点,S&P 500,1,2022-02-07,2022-02-09,4483.87011719,4587.18017578,2.30403772
2022-02-08,Bitfinex 被盗币洗钱案逮捕与追缴,Bitfinex laundering arrests and seizure,逮捕/追缴,洗钱/被盗资产,司法/执法节点,S&P 500,7,2022-02-07,2022-02-15,4483.87011719,4471.06982422,-0.28547421
2022-02-08,Bitfinex 被盗币洗钱案逮捕与追缴,Bitfinex laundering arrests and seizure,逮捕/追缴,洗钱/被盗资产,司法/执法节点,S&P 500,30,2022-02-07,2022-03-10,4483.87011719,4259.52001953,-5.00349234
2022-02-08,Bitfinex 被盗币洗钱案逮捕与追缴,Bitfinex laundering arrests and seizure,逮捕/追缴,洗钱/被盗资产,司法/执法节点,Gold (GLD),1,2022-02-07,2022-02-09,170.11000061,171.21000671,0.64664399
2022-02-08,Bitfinex 被盗币洗钱案逮捕与追缴,Bitfinex laundering arrests and seizure,逮捕/追缴,洗钱/被盗资产,司法/执法节点,Gold (GLD),7,2022-02-07,2022-02-15,170.11000061,173.08000183,1.74592982
2022-02-08,Bitfinex 被盗币洗钱案逮捕与追缴,Bitfinex laundering arrests and seizure,逮捕/追缴,洗钱/被盗资产,司法/执法节点,Gold (GLD),30,2022-02-07,2022-03-10,170.11000061,186.39999390,9.57615262
2022-03-29,Ronin 跨链桥盗窃公开,Ronin bridge exploit disclosed,犯罪公开,国家支持型黑客盗窃,公开危机/盗窃,BTC,1,2022-03-28,2022-03-30,47223.65288603,47123.29714787,-0.21251160
2022-03-29,Ronin 跨链桥盗窃公开,Ronin bridge exploit disclosed,犯罪公开,国家支持型黑客盗窃,公开危机/盗窃,BTC,7,2022-03-28,2022-04-05,47223.65288603,45693.03506195,-3.24121014
2022-03-29,Ronin 跨链桥盗窃公开,Ronin bridge exploit disclosed,犯罪公开,国家支持型黑客盗窃,公开危机/盗窃,BTC,30,2022-03-28,2022-04-28,47223.65288603,39747.98942700,-15.83033713
2022-03-29,Ronin 跨链桥盗窃公开,Ronin bridge exploit disclosed,犯罪公开,国家支持型黑客盗窃,公开危机/盗窃,S&P 500,1,2022-03-28,2022-03-30,4575.52001953,4602.45019531,0.58857082
2022-03-29,Ronin 跨链桥盗窃公开,Ronin bridge exploit disclosed,犯罪公开,国家支持型黑客盗窃,公开危机/盗窃,S&P 500,7,2022-03-28,2022-04-05,4575.52001953,4525.12011719,-1.10151201
2022-03-29,Ronin 跨链桥盗窃公开,Ronin bridge exploit disclosed,犯罪公开,国家支持型黑客盗窃,公开危机/盗窃,S&P 500,30,2022-03-28,2022-04-28,4575.52001953,4287.50000000,-6.29480405
2022-03-29,Ronin 跨链桥盗窃公开,Ronin bridge exploit disclosed,犯罪公开,国家支持型黑客盗窃,公开危机/盗窃,Gold (GLD),1,2022-03-28,2022-03-30,179.05999756,180.58000183,0.84887987
2022-03-29,Ronin 跨链桥盗窃公开,Ronin bridge exploit disclosed,犯罪公开,国家支持型黑客盗窃,公开危机/盗窃,Gold (GLD),7,2022-03-28,2022-04-05,179.05999756,179.24000549,0.10052940
2022-03-29,Ronin 跨链桥盗窃公开,Ronin bridge exploit disclosed,犯罪公开,国家支持型黑客盗窃,公开危机/盗窃,Gold (GLD),30,2022-03-28,2022-04-28,179.05999756,176.92999268,-1.18954815
2022-05-09,TerraUSD 脱锚进入失控阶段,TerraUSD depeg crisis,危机公开,欺诈/市场操纵,公开危机/盗窃,BTC,1,2022-05-08,2022-05-10,34058.90668615,30990.73516598,-9.00842634
2022-05-09,TerraUSD 脱锚进入失控阶段,TerraUSD depeg crisis,危机公开,欺诈/市场操纵,公开危机/盗窃,BTC,7,2022-05-08,2022-05-16,34058.90668615,29889.61247575,-12.24142116
2022-05-09,TerraUSD 脱锚进入失控阶段,TerraUSD depeg crisis,危机公开,欺诈/市场操纵,公开危机/盗窃,BTC,30,2022-05-08,2022-06-08,34058.90668615,30228.46469842,-11.24652069
2022-05-09,TerraUSD 脱锚进入失控阶段,TerraUSD depeg crisis,危机公开,欺诈/市场操纵,公开危机/盗窃,S&P 500,1,2022-05-06,2022-05-10,4123.33984375,4001.05004883,-2.96579471
2022-05-09,TerraUSD 脱锚进入失控阶段,TerraUSD depeg crisis,危机公开,欺诈/市场操纵,公开危机/盗窃,S&P 500,7,2022-05-06,2022-05-16,4123.33984375,4008.01000977,-2.79700045
2022-05-09,TerraUSD 脱锚进入失控阶段,TerraUSD depeg crisis,危机公开,欺诈/市场操纵,公开危机/盗窃,S&P 500,30,2022-05-06,2022-06-08,4123.33984375,4115.77001953,-0.18358478
2022-05-09,TerraUSD 脱锚进入失控阶段,TerraUSD depeg crisis,危机公开,欺诈/市场操纵,公开危机/盗窃,Gold (GLD),1,2022-05-06,2022-05-10,175.41999817,171.41999817,-2.28024173
2022-05-09,TerraUSD 脱锚进入失控阶段,TerraUSD depeg crisis,危机公开,欺诈/市场操纵,公开危机/盗窃,Gold (GLD),7,2022-05-06,2022-05-16,175.41999817,170.39999390,-2.86170581
2022-05-09,TerraUSD 脱锚进入失控阶段,TerraUSD depeg crisis,危机公开,欺诈/市场操纵,公开危机/盗窃,Gold (GLD),30,2022-05-06,2022-06-08,175.41999817,172.77999878,-1.50495919
2022-06-12,Celsius 暂停提款,Celsius withdrawal freeze,危机公开,欺诈/市场操纵,公开危机/盗窃,BTC,1,2022-06-11,2022-06-13,28360.78992314,22316.25704004,-21.31299198
2022-06-12,Celsius 暂停提款,Celsius withdrawal freeze,危机公开,欺诈/市场操纵,公开危机/盗窃,BTC,7,2022-06-11,2022-06-19,28360.78992314,20492.29516832,-27.74427220
2022-06-12,Celsius 暂停提款,Celsius withdrawal freeze,危机公开,欺诈/市场操纵,公开危机/盗窃,BTC,30,2022-06-11,2022-07-12,28360.78992314,19339.15347341,-31.81024391
2022-06-12,Celsius 暂停提款,Celsius withdrawal freeze,危机公开,欺诈/市场操纵,公开危机/盗窃,S&P 500,1,2022-06-10,2022-06-13,3900.86010742,3749.62988281,-3.87684307
2022-06-12,Celsius 暂停提款,Celsius withdrawal freeze,危机公开,欺诈/市场操纵,公开危机/盗窃,S&P 500,7,2022-06-10,2022-06-21,3900.86010742,3764.79003906,-3.48820682
2022-06-12,Celsius 暂停提款,Celsius withdrawal freeze,危机公开,欺诈/市场操纵,公开危机/盗窃,S&P 500,30,2022-06-10,2022-07-12,3900.86010742,3818.80004883,-2.10364013
2022-06-12,Celsius 暂停提款,Celsius withdrawal freeze,危机公开,欺诈/市场操纵,公开危机/盗窃,Gold (GLD),1,2022-06-10,2022-06-13,174.53999329,169.92999268,-2.64122882
2022-06-12,Celsius 暂停提款,Celsius withdrawal freeze,危机公开,欺诈/市场操纵,公开危机/盗窃,Gold (GLD),7,2022-06-10,2022-06-21,174.53999329,170.63000488,-2.24016761
2022-06-12,Celsius 暂停提款,Celsius withdrawal freeze,危机公开,欺诈/市场操纵,公开危机/盗窃,Gold (GLD),30,2022-06-10,2022-07-12,174.53999329,160.83000183,-7.85492837
2022-11-08,FTX 挤兑与救助失败预期爆发,FTX liquidity crisis,危机公开,欺诈/挪用,公开危机/盗窃,BTC,1,2022-11-07,2022-11-09,20568.56511835,15758.29128200,-23.38653090
2022-11-08,FTX 挤兑与救助失败预期爆发,FTX liquidity crisis,危机公开,欺诈/挪用,公开危机/盗窃,BTC,7,2022-11-07,2022-11-15,20568.56511835,16855.59378609,-18.05167891
2022-11-08,FTX 挤兑与救助失败预期爆发,FTX liquidity crisis,危机公开,欺诈/挪用,公开危机/盗窃,BTC,30,2022-11-07,2022-12-08,20568.56511835,17231.45632233,-16.22431500
2022-11-08,FTX 挤兑与救助失败预期爆发,FTX liquidity crisis,危机公开,欺诈/挪用,公开危机/盗窃,S&P 500,1,2022-11-07,2022-11-09,3806.80004883,3748.57006836,-1.52963065
2022-11-08,FTX 挤兑与救助失败预期爆发,FTX liquidity crisis,危机公开,欺诈/挪用,公开危机/盗窃,S&P 500,7,2022-11-07,2022-11-15,3806.80004883,3991.72998047,4.85788403
2022-11-08,FTX 挤兑与救助失败预期爆发,FTX liquidity crisis,危机公开,欺诈/挪用,公开危机/盗窃,S&P 500,30,2022-11-07,2022-12-08,3806.80004883,3963.51000977,4.11657978
2022-11-08,FTX 挤兑与救助失败预期爆发,FTX liquidity crisis,危机公开,欺诈/挪用,公开危机/盗窃,Gold (GLD),1,2022-11-07,2022-11-09,155.85000610,158.64999390,1.79659139
2022-11-08,FTX 挤兑与救助失败预期爆发,FTX liquidity crisis,危机公开,欺诈/挪用,公开危机/盗窃,Gold (GLD),7,2022-11-07,2022-11-15,155.85000610,165.50000000,6.19184698
2022-11-08,FTX 挤兑与救助失败预期爆发,FTX liquidity crisis,危机公开,欺诈/挪用,公开危机/盗窃,Gold (GLD),30,2022-11-07,2022-12-08,155.85000610,166.47000122,6.81424107
2023-01-18,Bitzlato 创办人被捕、平台被打击,Bitzlato founder arrested,逮捕/查封,洗钱/无牌汇款,司法/执法节点,BTC,1,2023-01-17,2023-01-19,21178.29939626,21071.83341525,-0.50271261
2023-01-18,Bitzlato 创办人被捕、平台被打击,Bitzlato founder arrested,逮捕/查封,洗钱/无牌汇款,司法/执法节点,BTC,7,2023-01-17,2023-01-25,21178.29939626,23109.08451899,9.11680908
2023-01-18,Bitzlato 创办人被捕、平台被打击,Bitzlato founder arrested,逮捕/查封,洗钱/无牌汇款,司法/执法节点,BTC,30,2023-01-17,2023-02-17,21178.29939626,24607.33560549,16.19127270
2023-01-18,Bitzlato 创办人被捕、平台被打击,Bitzlato founder arrested,逮捕/查封,洗钱/无牌汇款,司法/执法节点,S&P 500,1,2023-01-17,2023-01-19,3990.96997070,3898.85009766,-2.30820762
2023-01-18,Bitzlato 创办人被捕、平台被打击,Bitzlato founder arrested,逮捕/查封,洗钱/无牌汇款,司法/执法节点,S&P 500,7,2023-01-17,2023-01-25,3990.96997070,4016.21997070,0.63267828
2023-01-18,Bitzlato 创办人被捕、平台被打击,Bitzlato founder arrested,逮捕/查封,洗钱/无牌汇款,司法/执法节点,S&P 500,30,2023-01-17,2023-02-17,3990.96997070,4079.09008789,2.20798748
2023-01-18,Bitzlato 创办人被捕、平台被打击,Bitzlato founder arrested,逮捕/查封,洗钱/无牌汇款,司法/执法节点,Gold (GLD),1,2023-01-17,2023-01-19,177.58999634,179.88999939,1.29511971
2023-01-18,Bitzlato 创办人被捕、平台被打击,Bitzlato founder arrested,逮捕/查封,洗钱/无牌汇款,司法/执法节点,Gold (GLD),7,2023-01-17,2023-01-25,177.58999634,181.11000061,1.98209603
2023-01-18,Bitzlato 创办人被捕、平台被打击,Bitzlato founder arrested,逮捕/查封,洗钱/无牌汇款,司法/执法节点,Gold (GLD),30,2023-01-17,2023-02-17,177.58999634,171.25999451,-3.56439099
2023-07-13,Celsius 创办人 Mashinsky 被捕并起诉,Mashinsky arrested and charged,起诉/逮捕,欺诈/市场操纵,司法/执法节点,BTC,1,2023-07-12,2023-07-14,30385.60878521,30310.67202046,-0.24661926
2023-07-13,Celsius 创办人 Mashinsky 被捕并起诉,Mashinsky arrested and charged,起诉/逮捕,欺诈/市场操纵,司法/执法节点,BTC,7,2023-07-12,2023-07-20,30385.60878521,29805.60657072,-1.90880564
2023-07-13,Celsius 创办人 Mashinsky 被捕并起诉,Mashinsky arrested and charged,起诉/逮捕,欺诈/市场操纵,司法/执法节点,BTC,30,2023-07-12,2023-08-12,30385.60878521,29415.73390210,-3.19188893
2023-07-13,Celsius 创办人 Mashinsky 被捕并起诉,Mashinsky arrested and charged,起诉/逮捕,欺诈/市场操纵,司法/执法节点,S&P 500,1,2023-07-12,2023-07-14,4472.16015625,4505.41992188,0.74370694
2023-07-13,Celsius 创办人 Mashinsky 被捕并起诉,Mashinsky arrested and charged,起诉/逮捕,欺诈/市场操纵,司法/执法节点,S&P 500,7,2023-07-12,2023-07-20,4472.16015625,4534.87011719,1.40222977
2023-07-13,Celsius 创办人 Mashinsky 被捕并起诉,Mashinsky arrested and charged,起诉/逮捕,欺诈/市场操纵,司法/执法节点,S&P 500,30,2023-07-12,2023-08-14,4472.16015625,4489.72021484,0.39265272
2023-07-13,Celsius 创办人 Mashinsky 被捕并起诉,Mashinsky arrested and charged,起诉/逮捕,欺诈/市场操纵,司法/执法节点,Gold (GLD),1,2023-07-12,2023-07-14,181.88000488,181.42999268,-0.24742258
2023-07-13,Celsius 创办人 Mashinsky 被捕并起诉,Mashinsky arrested and charged,起诉/逮捕,欺诈/市场操纵,司法/执法节点,Gold (GLD),7,2023-07-12,2023-07-20,181.88000488,182.74000549,0.47283956
2023-07-13,Celsius 创办人 Mashinsky 被捕并起诉,Mashinsky arrested and charged,起诉/逮捕,欺诈/市场操纵,司法/执法节点,Gold (GLD),30,2023-07-12,2023-08-14,181.88000488,177.05999756,-2.65010292
2023-08-23,Tornado Cash 创办人被起诉,Tornado Cash founders charged,起诉/逮捕,洗钱/制裁规避/无牌汇款,司法/执法节点,BTC,1,2023-08-22,2023-08-24,25978.20969141,26126.79433314,0.57195874
2023-08-23,Tornado Cash 创办人被起诉,Tornado Cash founders charged,起诉/逮捕,洗钱/制裁规避/无牌汇款,司法/执法节点,BTC,7,2023-08-22,2023-08-30,25978.20969141,27298.99777966,5.08421521
2023-08-23,Tornado Cash 创办人被起诉,Tornado Cash founders charged,起诉/逮捕,洗钱/制裁规避/无牌汇款,司法/执法节点,BTC,30,2023-08-22,2023-09-22,25978.20969141,26581.14761163,2.32093715
2023-08-23,Tornado Cash 创办人被起诉,Tornado Cash founders charged,起诉/逮捕,洗钱/制裁规避/无牌汇款,司法/执法节点,S&P 500,1,2023-08-22,2023-08-24,4387.54980469,4376.31005859,-0.25617364
2023-08-23,Tornado Cash 创办人被起诉,Tornado Cash founders charged,起诉/逮捕,洗钱/制裁规避/无牌汇款,司法/执法节点,S&P 500,7,2023-08-22,2023-08-30,4387.54980469,4514.87011719,2.90185452
2023-08-23,Tornado Cash 创办人被起诉,Tornado Cash founders charged,起诉/逮捕,洗钱/制裁规避/无牌汇款,司法/执法节点,S&P 500,30,2023-08-22,2023-09-22,4387.54980469,4320.06005859,-1.53821037
2023-08-23,Tornado Cash 创办人被起诉,Tornado Cash founders charged,起诉/逮捕,洗钱/制裁规避/无牌汇款,司法/执法节点,Gold (GLD),1,2023-08-22,2023-08-24,176.10000610,177.85000610,0.99375351
2023-08-23,Tornado Cash 创办人被起诉,Tornado Cash founders charged,起诉/逮捕,洗钱/制裁规避/无牌汇款,司法/执法节点,Gold (GLD),7,2023-08-22,2023-08-30,176.10000610,180.32000732,2.39636631
2023-08-23,Tornado Cash 创办人被起诉,Tornado Cash founders charged,起诉/逮捕,洗钱/制裁规避/无牌汇款,司法/执法节点,Gold (GLD),30,2023-08-22,2023-09-22,176.10000610,178.61999512,1.43099882
2023-11-21,Binance 与 CZ 认罪,Binance and CZ guilty pleas,认罪/和解,AML/BSA/制裁规避,司法/执法节点,BTC,1,2023-11-20,2023-11-22,37516.05037084,37403.03471683,-0.30124614
2023-11-21,Binance 与 CZ 认罪,Binance and CZ guilty pleas,认罪/和解,AML/BSA/制裁规避,司法/执法节点,BTC,7,2023-11-20,2023-11-28,37516.05037084,37828.46559117,0.83275083
2023-11-21,Binance 与 CZ 认罪,Binance and CZ guilty pleas,认罪/和解,AML/BSA/制裁规避,司法/执法节点,BTC,30,2023-11-20,2023-12-21,37516.05037084,43870.23823407,16.93725166
2023-11-21,Binance 与 CZ 认罪,Binance and CZ guilty pleas,认罪/和解,AML/BSA/制裁规避,司法/执法节点,S&P 500,1,2023-11-20,2023-11-22,4547.37988281,4556.62011719,0.20319909
2023-11-21,Binance 与 CZ 认罪,Binance and CZ guilty pleas,认罪/和解,AML/BSA/制裁规避,司法/执法节点,S&P 500,7,2023-11-20,2023-11-28,4547.37988281,4554.89013672,0.16515563
2023-11-21,Binance 与 CZ 认罪,Binance and CZ guilty pleas,认罪/和解,AML/BSA/制裁规避,司法/执法节点,S&P 500,30,2023-11-20,2023-12-21,4547.37988281,4746.75000000,4.38428551
2023-11-21,Binance 与 CZ 认罪,Binance and CZ guilty pleas,认罪/和解,AML/BSA/制裁规避,司法/执法节点,Gold (GLD),1,2023-11-20,2023-11-22,183.36999512,184.55999756,0.64896247
2023-11-21,Binance 与 CZ 认罪,Binance and CZ guilty pleas,认罪/和解,AML/BSA/制裁规避,司法/执法节点,Gold (GLD),7,2023-11-20,2023-11-28,183.36999512,189.25999451,3.21208461
2023-11-21,Binance 与 CZ 认罪,Binance and CZ guilty pleas,认罪/和解,AML/BSA/制裁规避,司法/执法节点,Gold (GLD),30,2023-11-20,2023-12-21,183.36999512,189.42999268,3.30479234
2024-03-26,KuCoin 与两名创办人被起诉,KuCoin and founders charged,起诉,AML/BSA/无牌汇款,司法/执法节点,BTC,1,2024-03-25,2024-03-27,70042.02042373,69267.88798159,-1.10524002
2024-03-26,KuCoin 与两名创办人被起诉,KuCoin and founders charged,起诉,AML/BSA/无牌汇款,司法/执法节点,BTC,7,2024-03-25,2024-04-02,70042.02042373,65533.75483518,-6.43651562
2024-03-26,KuCoin 与两名创办人被起诉,KuCoin and founders charged,起诉,AML/BSA/无牌汇款,司法/执法节点,BTC,30,2024-03-25,2024-04-25,70042.02042373,64515.38747253,-7.89045336
2024-03-26,KuCoin 与两名创办人被起诉,KuCoin and founders charged,起诉,AML/BSA/无牌汇款,司法/执法节点,S&P 500,1,2024-03-25,2024-03-27,5218.18994141,5248.49023438,0.58066673
2024-03-26,KuCoin 与两名创办人被起诉,KuCoin and founders charged,起诉,AML/BSA/无牌汇款,司法/执法节点,S&P 500,7,2024-03-25,2024-04-02,5218.18994141,5205.81005859,-0.23724477
2024-03-26,KuCoin 与两名创办人被起诉,KuCoin and founders charged,起诉,AML/BSA/无牌汇款,司法/执法节点,S&P 500,30,2024-03-25,2024-04-25,5218.18994141,5048.41992188,-3.25342737
2024-03-26,KuCoin 与两名创办人被起诉,KuCoin and founders charged,起诉,AML/BSA/无牌汇款,司法/执法节点,Gold (GLD),1,2024-03-25,2024-03-27,200.99000549,203.10000610,1.04980375
2024-03-26,KuCoin 与两名创办人被起诉,KuCoin and founders charged,起诉,AML/BSA/无牌汇款,司法/执法节点,Gold (GLD),7,2024-03-25,2024-04-02,200.99000549,210.88999939,4.92561502
2024-03-26,KuCoin 与两名创办人被起诉,KuCoin and founders charged,起诉,AML/BSA/无牌汇款,司法/执法节点,Gold (GLD),30,2024-03-25,2024-04-25,200.99000549,215.91999817,7.42822641
2024-04-24,Samourai Wallet 创办人被捕并查封服务,Samourai Wallet founders arrested,起诉/逮捕/查封,洗钱/无牌汇款,司法/执法节点,BTC,1,2024-04-23,2024-04-25,66385.30029193,64515.38747253,-2.81675734
2024-04-24,Samourai Wallet 创办人被捕并查封服务,Samourai Wallet founders arrested,起诉/逮捕/查封,洗钱/无牌汇款,司法/执法节点,BTC,7,2024-04-23,2024-05-01,66385.30029193,58141.77727995,-12.41769334
2024-04-24,Samourai Wallet 创办人被捕并查封服务,Samourai Wallet founders arrested,起诉/逮捕/查封,洗钱/无牌汇款,司法/执法节点,BTC,30,2024-04-23,2024-05-24,66385.30029193,68608.99827966,3.34968431
2024-04-24,Samourai Wallet 创办人被捕并查封服务,Samourai Wallet founders arrested,起诉/逮捕/查封,洗钱/无牌汇款,司法/执法节点,S&P 500,1,2024-04-23,2024-04-25,5070.54980469,5048.41992188,-0.43643951
2024-04-24,Samourai Wallet 创办人被捕并查封服务,Samourai Wallet founders arrested,起诉/逮捕/查封,洗钱/无牌汇款,司法/执法节点,S&P 500,7,2024-04-23,2024-05-01,5070.54980469,5018.39013672,-1.02867874
2024-04-24,Samourai Wallet 创办人被捕并查封服务,Samourai Wallet founders arrested,起诉/逮捕/查封,洗钱/无牌汇款,司法/执法节点,S&P 500,30,2024-04-23,2024-05-24,5070.54980469,5304.72021484,4.61824495
2024-04-24,Samourai Wallet 创办人被捕并查封服务,Samourai Wallet founders arrested,起诉/逮捕/查封,洗钱/无牌汇款,司法/执法节点,Gold (GLD),1,2024-04-23,2024-04-25,215.03999329,215.91999817,0.40922847
2024-04-24,Samourai Wallet 创办人被捕并查封服务,Samourai Wallet founders arrested,起诉/逮捕/查封,洗钱/无牌汇款,司法/执法节点,Gold (GLD),7,2024-04-23,2024-05-01,215.03999329,213.78999329,-0.58128722
2024-04-24,Samourai Wallet 创办人被捕并查封服务,Samourai Wallet founders arrested,起诉/逮捕/查封,洗钱/无牌汇款,司法/执法节点,Gold (GLD),30,2024-04-23,2024-05-24,215.03999329,215.91999817,0.40922847
2024-10-09,FBI 以自建代币侦破刷量与拉盘案,Operation Token Mirrors,起诉/抓捕/查封,市场操纵/欺诈,司法/执法节点,BTC,1,2024-10-08,2024-10-10,62126.32737697,60221.11728697,-3.06667104
2024-10-09,FBI 以自建代币侦破刷量与拉盘案,Operation Token Mirrors,起诉/抓捕/查封,市场操纵/欺诈,司法/执法节点,BTC,7,2024-10-08,2024-10-16,62126.32737697,67662.95340386,8.91188367
2024-10-09,FBI 以自建代币侦破刷量与拉盘案,Operation Token Mirrors,起诉/抓捕/查封,市场操纵/欺诈,司法/执法节点,BTC,30,2024-10-08,2024-11-08,62126.32737697,76507.44740123,23.14818955
2024-10-09,FBI 以自建代币侦破刷量与拉盘案,Operation Token Mirrors,起诉/抓捕/查封,市场操纵/欺诈,司法/执法节点,S&P 500,1,2024-10-08,2024-10-10,5751.12988281,5780.04980469,0.50285635
2024-10-09,FBI 以自建代币侦破刷量与拉盘案,Operation Token Mirrors,起诉/抓捕/查封,市场操纵/欺诈,司法/执法节点,S&P 500,7,2024-10-08,2024-10-16,5751.12988281,5842.47021484,1.58821543
2024-10-09,FBI 以自建代币侦破刷量与拉盘案,Operation Token Mirrors,起诉/抓捕/查封,市场操纵/欺诈,司法/执法节点,S&P 500,30,2024-10-08,2024-11-08,5751.12988281,5995.54003906,4.24977633
2024-10-09,FBI 以自建代币侦破刷量与拉盘案,Operation Token Mirrors,起诉/抓捕/查封,市场操纵/欺诈,司法/执法节点,Gold (GLD),1,2024-10-08,2024-10-10,242.36999512,242.82000732,0.18567158
2024-10-09,FBI 以自建代币侦破刷量与拉盘案,Operation Token Mirrors,起诉/抓捕/查封,市场操纵/欺诈,司法/执法节点,Gold (GLD),7,2024-10-08,2024-10-16,242.36999512,247.14999390,1.97219081
2024-10-09,FBI 以自建代币侦破刷量与拉盘案,Operation Token Mirrors,起诉/抓捕/查封,市场操纵/欺诈,司法/执法节点,Gold (GLD),30,2024-10-08,2024-11-08,242.36999512,247.96000671,2.30639589
2025-02-21,Bybit 被盗约 15 亿美元,Bybit hack,犯罪公开,国家支持型黑客盗窃,公开危机/盗窃,BTC,1,2025-02-20,2025-02-22,98392.21972472,96605.70910579,-1.81570314
2025-02-21,Bybit 被盗约 15 亿美元,Bybit hack,犯罪公开,国家支持型黑客盗窃,公开危机/盗窃,BTC,7,2025-02-20,2025-02-28,98392.21972472,84243.77791146,-14.37963474
2025-02-21,Bybit 被盗约 15 亿美元,Bybit hack,犯罪公开,国家支持型黑客盗窃,公开危机/盗窃,BTC,30,2025-02-20,2025-03-23,98392.21972472,85760.88145061,-12.83774094
2025-02-21,Bybit 被盗约 15 亿美元,Bybit hack,犯罪公开,国家支持型黑客盗窃,公开危机/盗窃,S&P 500,1,2025-02-20,2025-02-24,6117.52001953,5983.25000000,-2.19484397
2025-02-21,Bybit 被盗约 15 亿美元,Bybit hack,犯罪公开,国家支持型黑客盗窃,公开危机/盗窃,S&P 500,7,2025-02-20,2025-02-28,6117.52001953,5954.50000000,-2.66480566
2025-02-21,Bybit 被盗约 15 亿美元,Bybit hack,犯罪公开,国家支持型黑客盗窃,公开危机/盗窃,S&P 500,30,2025-02-20,2025-03-24,6117.52001953,5767.56982422,-5.72045852
2025-02-21,Bybit 被盗约 15 亿美元,Bybit hack,犯罪公开,国家支持型黑客盗窃,公开危机/盗窃,Gold (GLD),1,2025-02-20,2025-02-24,270.98999023,272.20999146,0.45020158
2025-02-21,Bybit 被盗约 15 亿美元,Bybit hack,犯罪公开,国家支持型黑客盗窃,公开危机/盗窃,Gold (GLD),7,2025-02-20,2025-02-28,270.98999023,263.26998901,-2.84881416
2025-02-21,Bybit 被盗约 15 亿美元,Bybit hack,犯罪公开,国家支持型黑客盗窃,公开危机/盗窃,Gold (GLD),30,2025-02-20,2025-03-24,270.98999023,277.25000000,2.31005203
2025-02-24,OKX 对无牌汇款罪认罪,OKX guilty plea,认罪/和解,AML/无牌汇款,司法/执法节点,BTC,1,2025-02-23,2025-02-25,96091.63297750,88769.73562653,-7.61970332
2025-02-24,OKX 对无牌汇款罪认罪,OKX guilty plea,认罪/和解,AML/无牌汇款,司法/执法节点,BTC,7,2025-02-23,2025-03-03,96091.63297750,86315.93055114,-10.17331283
2025-02-24,OKX 对无牌汇款罪认罪,OKX guilty plea,认罪/和解,AML/无牌汇款,司法/执法节点,BTC,30,2025-02-23,2025-03-26,96091.63297750,86836.67609556,-9.63138683
2025-02-24,OKX 对无牌汇款罪认罪,OKX guilty plea,认罪/和解,AML/无牌汇款,司法/执法节点,S&P 500,1,2025-02-21,2025-02-25,6013.12988281,5955.25000000,-0.96255833
2025-02-24,OKX 对无牌汇款罪认罪,OKX guilty plea,认罪/和解,AML/无牌汇款,司法/执法节点,S&P 500,7,2025-02-21,2025-03-03,6013.12988281,5849.72021484,-2.71754762
2025-02-24,OKX 对无牌汇款罪认罪,OKX guilty plea,认罪/和解,AML/无牌汇款,司法/执法节点,S&P 500,30,2025-02-21,2025-03-26,6013.12988281,5712.20019531,-5.00454328
2025-02-24,OKX 对无牌汇款罪认罪,OKX guilty plea,认罪/和解,AML/无牌汇款,司法/执法节点,Gold (GLD),1,2025-02-21,2025-02-25,270.73999023,268.61999512,-0.78303730
2025-02-24,OKX 对无牌汇款罪认罪,OKX guilty plea,认罪/和解,AML/无牌汇款,司法/执法节点,Gold (GLD),7,2025-02-21,2025-03-03,270.73999023,266.73999023,-1.47743228
2025-02-24,OKX 对无牌汇款罪认罪,OKX guilty plea,认罪/和解,AML/无牌汇款,司法/执法节点,Gold (GLD),30,2025-02-21,2025-03-26,270.73999023,278.23999023,2.77018552
2025-10-21,CZ 获美国总统完全无条件赦免,Changpeng Zhao pardoned,赦免,AML/BSA,司法/执法节点,BTC,1,2025-10-20,2025-10-22,110640.24951549,107667.63018849,-2.68674315
2025-10-21,CZ 获美国总统完全无条件赦免,Changpeng Zhao pardoned,赦免,AML/BSA,司法/执法节点,BTC,7,2025-10-20,2025-10-28,110640.24951549,112980.68584629,2.11535706
2025-10-21,CZ 获美国总统完全无条件赦免,Changpeng Zhao pardoned,赦免,AML/BSA,司法/执法节点,BTC,30,2025-10-20,2025-11-20,110640.24951549,86911.29805903,-21.44694319
2025-10-21,CZ 获美国总统完全无条件赦免,Changpeng Zhao pardoned,赦免,AML/BSA,司法/执法节点,S&P 500,1,2025-10-20,2025-10-22,6735.12988281,6699.39990234,-0.53050173
2025-10-21,CZ 获美国总统完全无条件赦免,Changpeng Zhao pardoned,赦免,AML/BSA,司法/执法节点,S&P 500,7,2025-10-20,2025-10-28,6735.12988281,6890.89013672,2.31265405
2025-10-21,CZ 获美国总统完全无条件赦免,Changpeng Zhao pardoned,赦免,AML/BSA,司法/执法节点,S&P 500,30,2025-10-20,2025-11-20,6735.12988281,6538.75976562,-2.91560995
2025-10-21,CZ 获美国总统完全无条件赦免,Changpeng Zhao pardoned,赦免,AML/BSA,司法/执法节点,Gold (GLD),1,2025-10-20,2025-10-22,403.14999390,377.27999878,-6.41696528
2025-10-21,CZ 获美国总统完全无条件赦免,Changpeng Zhao pardoned,赦免,AML/BSA,司法/执法节点,Gold (GLD),7,2025-10-20,2025-10-28,403.14999390,364.38000488,-9.61676537
2025-10-21,CZ 获美国总统完全无条件赦免,Changpeng Zhao pardoned,赦免,AML/BSA,司法/执法节点,Gold (GLD),30,2025-10-20,2025-11-20,403.14999390,374.85000610,-7.01971679
