date,event_zh,event_en,phase,type,scale_or_outcome,status,source_url,chart_include,date_confidence
2013-10-02,丝绸之路被查封、Ulbricht 被捕,Silk Road seizure and Ulbricht arrest,公开执法,暗网/洗钱,美国执法部门查封网站并逮捕创办人,后续定罪并判终身监禁；2025年获完全无条件赦免,https://www.justice.gov/archive/usao/nys/pressreleases/October13/SilkRoadSeizurePR.php,1,高
2014-02-24,Mt. Gox 停止交易并下线,Mt. Gox halts trading and goes offline,危机公开,交易所盗窃/欺诈,数日后申请破产并声称约 85 万 BTC 丢失,破产调查延续；Karpelès 并未因盗走 BTC 获罪,https://time.com/10657/mt-gox-bitcoin-bankruptcy/,1,中
2016-08-02,Bitfinex 被盗约 11.98 万 BTC,Bitfinex hack,犯罪公开,黑客盗窃,约 119754 BTC 被盗,2022 年追缴与洗钱案取得重大进展,https://www.justice.gov/usao-dc/2016-bitfinex-hack,1,高
2017-07-26,BTC-e 与 Vinnik 被起诉,BTC-e and Vinnik charged,起诉/逮捕,洗钱/无牌汇款,交易所累计处理约 90 亿美元并被指帮助清洗 Mt. Gox 被盗币,运营者 2024 年认罪,https://www.justice.gov/usao-ndca/pr/russian-national-and-bitcoin-exchange-charged-21-count-indictment-operating-alleged,1,高
2018-01-26,Coincheck 流出 5.23 亿枚 NEM,Coincheck hack,犯罪公开,黑客盗窃,日本金融厅称约 580 亿日元资产流出,日本监管整顿交易所安全与治理,https://www.fsa.go.jp/en/conference/minister/2018/20180202.html,1,高
2019-02-05,QuadrigaCX 申请债权人保护,QuadrigaCX creditor protection,危机公开,交易所欺诈/挪用,欠客户约 2.15 亿加元；OSC 后认定为欺诈与类庞氏运作,创办人已死亡且无刑事审判,https://www.osc.ca/quadrigacxreport/web/files/QuadrigaCX-A-Review-by-Staff-of-the-Ontario-Securities-Commission.pdf,1,高
2019-03-06,OneCoin 核心人物被捕并公开起诉,OneCoin charges and arrest,起诉/逮捕,诈骗/传销,全球受害者至少 350 万且涉款逾 40 亿美元,Greenwood 2023 年被判 20 年；Ruja Ignatova 仍在逃,https://www.justice.gov/usao-sdny/pr/manhattan-us-attorney-announces-charges-against-leaders-onecoin-multibillion-dollar,1,高
2020-07-31,PlusToken 跨国传销团伙主要成员归案,PlusToken takedown announced,抓捕/侦破,诈骗/传销,中国警方称参与者逾 200 万、涉案金额逾 400 亿元人民币,主要组织者后被判刑,https://www.yncaw.gov.cn/html/2020/gczs_0731/65725.html,1,高
2020-10-01,BitMEX 创办人与高管被刑事起诉,BitMEX executives charged,起诉,AML/BSA/无牌汇款,被控故意规避美国反洗钱要求,四名高管其后认罪；2025年获完全无条件赦免,https://www.justice.gov/usao-sdny/pr/founders-and-executives-shore-cryptocurrency-derivatives-exchange-charged-violation,1,高
2022-02-08,Bitfinex 被盗币洗钱案逮捕与追缴,Bitfinex laundering arrests and seizure,逮捕/追缴,洗钱/被盗资产,司法部宣布查扣逾 36 亿美元等值 BTC,两名被告其后认罪,https://www.justice.gov/archives/opa/pr/two-arrested-alleged-conspiracy-launder-45-billion-stolen-cryptocurrency,1,高
2022-02-25,BitConnect 创办人被起诉,BitConnect founder indicted,起诉,诈骗/庞氏,被指策划约 24 亿美元全球庞氏骗局,创办人仍被列为逃犯,https://www.justice.gov/archives/opa/pr/bitconnect-founder-indicted-global-24-billion-cryptocurrency-scheme,0,高
2022-03-29,Ronin 跨链桥盗窃公开,Ronin bridge exploit disclosed,犯罪公开,国家支持型黑客盗窃,173600 ETH 与 2550 万 USDC 被盗；FBI/财政部归因朝鲜 Lazarus,追赃与制裁持续,https://home.treasury.gov/news/press-releases/jy0768,1,高
2022-05-09,TerraUSD 脱锚进入失控阶段,TerraUSD depeg crisis,危机公开,欺诈/市场操纵,UST/LUNA 崩盘造成逾 400 亿美元损失,Kwon 2025 年认罪并被判 15 年,https://www.sec.gov/files/terraform-labs-pte-ltd-amended-complaint.pdf,1,中
2022-06-12,Celsius 暂停提款,Celsius withdrawal freeze,危机公开,欺诈/市场操纵,约 47 亿美元客户资产一度无法提取,Mashinsky 2024 年认罪、2025 年被判 12 年,https://www.justice.gov/usao-sdny/pr/celsius-founder-and-former-chief-revenue-officer-charged-connection-multibillion,1,高
2022-11-08,FTX 挤兑与救助失败预期爆发,FTX liquidity crisis,危机公开,欺诈/挪用,约 60 亿美元客户提款压力暴露资金缺口,SBF 后被判 25 年并没收 110 亿美元,https://www.investing.com/news/stock-market-news/cryptocurrencies-slide-as-concerns-over-ftx-exchange-rattle-markets-2935612,1,高
2022-12-12,SBF 在巴哈马被捕,Sam Bankman-Fried arrested,逮捕,欺诈/挪用,被控将客户资金挪用于 Alameda、投资和政治捐款,2023 年七项罪名成立,https://www.justice.gov/usao-sdny/pr/united-states-attorney-announces-charges-against-ftx-founder-samuel-bankman-fried,0,高
2023-01-18,Bitzlato 创办人被捕、平台被打击,Bitzlato founder arrested,逮捕/查封,洗钱/无牌汇款,被指处理逾 7 亿美元与 Hydra 等相关的非法资金,创办人 2023 年认罪,https://www.justice.gov/archives/opa/pr/founder-and-majority-owner-cryptocurrency-exchange-charged-processing-over-700-million,1,高
2023-05-09,Coinbase 前员工获刑,Coinbase insider trading sentence,量刑,内幕交易,首宗被称为加密资产内幕交易刑事案的量刑,被判两年监禁,https://www.justice.gov/usao-sdny/pr/former-coinbase-insider-sentenced-first-ever-cryptocurrency-insider-trading-case,0,高
2023-07-13,Celsius 创办人 Mashinsky 被捕并起诉,Mashinsky arrested and charged,起诉/逮捕,欺诈/市场操纵,被控误导客户并操纵 CEL,Mashinsky 2025 年被判 12 年,https://www.justice.gov/usao-sdny/pr/celsius-founder-and-former-chief-revenue-officer-charged-connection-multibillion,1,高
2023-08-23,Tornado Cash 创办人被起诉,Tornado Cash founders charged,起诉/逮捕,洗钱/制裁规避/无牌汇款,检方称平台处理逾 10 亿美元洗钱并服务 Lazarus,Storm 2025 年仅在无牌汇款合谋罪上被定罪,https://www.justice.gov/usao-sdny/pr/tornado-cash-founders-charged-money-laundering-and-sanctions-violations,1,高
2023-11-02,SBF 七项罪名成立,Sam Bankman-Fried convicted,定罪,欺诈/挪用,陪审团裁定全部七项指控成立,2024 年被判 25 年,https://www.justice.gov/usao-sdny/pr/statement-us-attorney-damian-williams-conviction-samuel-bankman-fried,0,高
2023-11-21,Binance 与 CZ 认罪,Binance and CZ guilty pleas,认罪/和解,AML/BSA/制裁规避,Binance 支付逾 43 亿美元；CZ 承认反洗钱失职,CZ 2024 年服刑四个月、2025 年获总统赦免,https://www.justice.gov/archives/opa/pr/binance-and-ceo-plead-guilty-federal-charges-4b-resolution,1,高
2024-01-09,SEC 的 X 账号被劫持并发布虚假 ETF 消息,SEC X account hack,犯罪公开,账号劫持/市场操纵,假消息令 BTC 短时先涨后跌,被告 2025 年认罪,https://www.justice.gov/usao-dc/pr/fbi-arrests-alabama-man-january-2024-sec-x-hack-spiked-value-bitcoin,0,高
2024-03-26,KuCoin 与两名创办人被起诉,KuCoin and founders charged,起诉,AML/BSA/无牌汇款,被控在美国运营无牌汇款业务且缺乏 AML/KYC,公司 2025 年认罪并支付约 2.97 亿美元,https://www.justice.gov/usao-sdny/pr/prominent-global-cryptocurrency-exchange-kucoin-and-two-its-founders-criminally,1,高
2024-03-28,SBF 被判 25 年监禁,Sam Bankman-Fried sentenced,量刑,欺诈/挪用,法院判处 25 年并命令没收 110 亿美元,案件进入上诉阶段,https://www.justice.gov/archives/opa/pr/samuel-bankman-fried-sentenced-25-years-his-orchestration-multiple-fraudulent-schemes,0,高
2024-04-18,Mango Markets 操纵案一审定罪,Mango Markets manipulation conviction,定罪,市场操纵/欺诈,司法部称为首宗加密开放市场操纵案,2025 年法院撤销定罪；不应视为最终有效先例,https://www.justice.gov/archives/opa/pr/man-convicted-110m-cryptocurrency-scheme,0,高
2024-04-24,Samourai Wallet 创办人被捕并查封服务,Samourai Wallet founders arrested,起诉/逮捕/查封,洗钱/无牌汇款,检方指称处理逾 20 亿美元非法交易,两名创办人 2025 年认罪,https://www.justice.gov/usao-sdny/pr/founders-and-ceo-cryptocurrency-mixing-service-arrested-and-charged-money-laundering,1,高
2024-04-30,CZ 被判四个月监禁,Changpeng Zhao sentenced,量刑,AML/BSA,另处 5000 万美元罚款,2025 年获总统赦免,https://www.justice.gov/criminal/case/united-states-v-changpeng-zhao,0,高
2024-10-09,FBI 以自建代币侦破刷量与拉盘案,Operation Token Mirrors,起诉/抓捕/查封,市场操纵/欺诈,18 个个人和实体被起诉；逾 2500 万美元加密资产被查扣,多名被告已认罪或同意认罪,https://www.justice.gov/usao-ma/pr/eighteen-individuals-and-entities-charged-international-operation-targeting-widespread,1,高
2024-12-03,Mashinsky 认罪,Mashinsky guilty plea,认罪,欺诈/市场操纵,承认商品欺诈与操纵 CEL,2025 年被判 12 年,https://www.justice.gov/usao-sdny/pr/founder-celsius-sentenced-12-years-fraud-and-market-manipulation,0,高
2025-01-21,Ross Ulbricht 获完全无条件赦免,Ross Ulbricht pardoned,赦免,暗网/洗钱,赦免覆盖其Silk Road相关联邦定罪与终身刑,刑罚后果终止；历史定罪事实仍存在,https://www.justice.gov/pardon/clemency-grants-president-donald-j-trump-2025-present,0,高
2025-01-27,KuCoin 对无牌汇款罪认罪,KuCoin guilty plea,认罪/和解,AML/BSA/无牌汇款,同意支付近 2.97 亿美元并退出美国市场两年,已生效,https://www.justice.gov/usao-sdny/pr/kucoin-pleads-guilty-unlicensed-money-transmission-charge-and-agrees-pay-penalties,0,高
2025-02-21,Bybit 被盗约 15 亿美元,Bybit hack,犯罪公开,国家支持型黑客盗窃,FBI 归因朝鲜 TraderTraitor 并称其迅速兑换与分散资产,追踪与制裁持续,https://www.fbi.gov/investigate/cyber/alerts/2025/north-korea-responsible-for-1-5-billion-bybit-hack,1,高
2025-02-24,OKX 对无牌汇款罪认罪,OKX guilty plea,认罪/和解,AML/无牌汇款,同意支付逾 5.04 亿美元罚没与处罚,已生效,https://www.justice.gov/usao-sdny/pr/okx-pleads-guilty-violating-us-anti-money-laundering-laws-and-agrees-pay-penalties,1,高
2025-03-27,BitMEX公司及四名相关个人获完全无条件赦免,BitMEX pardons,赦免,AML/BSA,赦免覆盖Arthur Hayes、Benjamin Delo、Samuel Reed、Gregory Dwyer及HDR Global Trading,刑罚后果终止；历史认罪事实仍存在,https://www.justice.gov/pardon/clemency-grants-president-donald-j-trump-2025-present,0,高
2025-04-07,美国司法部结束以起诉代监管并解散 NCET,DOJ enforcement reset and NCET dissolution,政策转折,执法政策,缩小数字资产刑事执法重点至投资者受害、恐怖融资、毒品、黑客等行为人,政策已实施；不是一宗刑案,https://www.justice.gov/dag/media/1395781/dl?inline=,0,高
2025-05-08,Mashinsky 被判 12 年监禁,Mashinsky sentenced,量刑,欺诈/市场操纵,另被命令没收 4840 万美元,已判刑,https://www.justice.gov/usao-sdny/pr/founder-celsius-sentenced-12-years-fraud-and-market-manipulation,0,高
2025-07-30,Samourai Wallet 两名创办人认罪,Samourai Wallet founders plead guilty,认罪,无牌汇款/洗钱基础设施,承认服务处理逾 2 亿美元犯罪所得并同意没收约 2.378 亿美元,2025年11月分别被判五年和四年,https://www.justice.gov/usao-sdny/pr/founders-samourai-wallet-cryptocurrency-mixing-service-plead-guilty,0,高
2025-08-06,Tornado Cash 创办人 Storm 部分定罪,Roman Storm convicted on one count,定罪,无牌汇款,仅无牌汇款合谋罪成立；其余两项未形成有罪裁决,后续程序持续,https://www.justice.gov/usao-sdny/pr/founder-tornado-cash-crypto-mixing-service-convicted-knowingly-transmitting-criminal,0,高
2025-08-12,Do Kwon 就欺诈指控认罪,Do Kwon guilty plea,认罪,欺诈/市场操纵,承认围绕 Terraform 产品的欺诈计划,2025 年 12 月被判 15 年,https://www.justice.gov/usao-sdny/pr/do-kwon-pleads-guilty-fraud,0,高
2025-10-21,CZ 获美国总统完全无条件赦免,Changpeng Zhao pardoned,赦免,AML/BSA,赦免覆盖其联邦定罪,刑罚已完成；赦免不等于否认历史事实,https://www.justice.gov/pardon/clemency-grants-president-donald-j-trump-2025-present,1,高
2025-11-19,Samourai Wallet 两名创办人完成量刑,Samourai Wallet founders sentenced,量刑,无牌汇款/洗钱基础设施,CEO 与 CTO 分别被判五年和四年并各处罚金25万美元,已判刑,https://www.justice.gov/usao-sdny/pr/founders-samourai-wallet-cryptocurrency-mixing-service-sentenced-five-and-four-years,0,高
2025-12-10,Paxful 对三项刑事罪名认罪,Paxful guilty plea,认罪/和解,AML/无牌汇款/协助犯罪,司法部称平台处理逾 30 亿美元交易且明知服务犯罪活动,2026 年被判处罚金与没收,https://www.justice.gov/opa/pr/virtual-asset-trading-platform-pleads-guilty-violating-travel-act-and-other-federal-criminal,0,高
2025-12-11,Do Kwon 被判 15 年监禁,Do Kwon sentenced,量刑,欺诈/市场操纵,另被命令没收逾 1900 万美元,已判刑,https://www.justice.gov/usao-sdny/pr/crypto-enabled-fraudster-sentenced-orchestrating-40-billion-fraud,0,高
2026-02-11,Paxful 被判刑并支付约 750 万美元,Paxful sentenced,量刑,AML/无牌汇款/协助犯罪,罚款 400 万美元并没收约 350 万美元,已判刑,https://www.justice.gov/opa/pr/virtual-asset-trading-platform-sentenced-violating-travel-act-and-other-federal-criminal,0,高
2026-03-30,十名跨国做市人员被起诉或押解到案,Market-maker manipulation indictments,起诉/逮捕,市场操纵/欺诈,涉及 Gotbit、Vortex、Antier 与 Contrarian 的刷量和拉盘计划,部分被告已认罪；其余仅属指控,https://www.justice.gov/usao-ndca/pr/ten-foreign-nationals-charged-international-operation-targeting-cryptocurrency-market,0,高
2026-04-29,跨国诈骗园区联合行动逮捕至少 276 人,Scam-center coordinated takedown,抓捕/侦破,投资诈骗/人口贩运/洗钱,至少九个诈骗中心被打击,案件处于起诉与调查阶段,https://www.justice.gov/opa/pr/coordinated-takedown-scam-centers-leads-at-least-276-arrests-alleged-managers-and-recruiters,0,高
2026-05-11,三人因 600 万美元加密资产绑架抢劫案被起诉,Crypto robbery and kidnapping indictment,起诉,线下暴力/绑架/抢劫,涉及多州家庭入侵与强迫转币,仅属指控、无罪推定,https://www.justice.gov/usao-ndca/pr/three-tennessee-men-indicted-robbery-kidnapping-and-conspiracy-charges-related-6,0,高
2026-06-30,郭文贵因十亿美元级诈骗被判三十年,Miles Guo sentenced for billion-dollar fraud,量刑,诈骗/虚假加密资产,检方称H Coin与H Dollar只是内部表格中的虚假数字且被用于募资骗局,已判刑,https://www.justice.gov/usao-sdny/pr/miles-guo-sentenced-30-years-prison-leading-billion-dollar-fraud,0,高
