date,event_zh,event_en,phase,type,scale_or_outcome,status,source_url,corroborating_url,profile,chart_label,category,avatar_bg,avatar_fg,date_confidence,crypto_link_status,verification_note
2017-12-26,Pavel Lerner 在基辅被绑架并以 Bitcoin 支付赎金,Pavel Lerner kidnapped in Kyiv,犯罪发生,绑架/勒索,EXMO 员工被蒙面人绑架；超过 100 万美元等值 Bitcoin 赎金支付后获释,乌克兰警方启动刑事调查；付款人未公开,https://www.theguardian.com/uk-news/2017/dec/29/ukraine-kidnappers-release-hostage-after-1m-bitcoin-ransom-paid,,PL,Pavel Lerner 绑架,线下暴力,#334155,#FFFFFF,高,确认,Reuters 引述乌克兰内政部顾问、警方与 EXMO 声明
2022-12-05,Aiden Pleterski 被绑架并连续三日遭殴打,Aiden Pleterski kidnapped and assaulted,犯罪发生,绑架/酷刑/勒索,被诱入车辆后持枪控制并连续三日遭反复殴打；绑匪索要大额加元,多人被起诉；截至来源日期相关指控尚未获法院证明,https://toronto.citynews.ca/2023/07/21/5th-person-charged-in-toronto-kidnapping-of-crypto-king-aiden-pleterski/,,AP,Aiden Pleterski 绑架,线下暴力,#111827,#FFFFFF,高,确认,警方通报与法院材料确认受害者及绑架经过；诉讼仍需无罪推定
2024-06-21,Kevin Mirshahi 被绑架后遇害,Kevin Mirshahi abducted and killed,犯罪发生,绑架/酷刑/杀人,蒙特利尔 Crypto influencer 与三人一同被绑架；其余三人获释、Mirshahi 被害,法院报道指行凶者意图取得手机密码并转走 Crypto；一名涉案者就非法拘禁认罪,https://www.tvanouvelles.ca/2026/01/06/meurtre-de-linfluenceur-en-cryptomonnaie-kevin-mirshahi--elle-veut-une-peine-a-la-maison-pour-avoir-prete-son-sous-sol-aux-suspects,https://montreal.citynews.ca/2024/11/12/body-ahuntsic-park-kidnapping-victim/,KM,Kevin Mirshahi 遇害,线下暴力,#0F766E,#FFFFFF,高,确认,法院量刑报道给出 Crypto 钱包目标；其他被告责任按各自诉讼状态区分
2024-06-25,Remy St Felix 暴力入室团伙被定罪,Remy St Felix home-invasion crew conviction,定罪,入室抢劫/绑架/酷刑,团伙在 2022-09 至 2023-07 跨美国多州锁定 Crypto 持有人；受害者被绑并被迫清空账户,联邦陪审团九项罪名成立；另有十三名同谋认罪,https://www.justice.gov/archives/opa/pr/man-convicted-violent-home-invasion-robberies-steal-cryptocurrency,,RSF,St Felix 入室团伙定罪,线下暴力,#7F1D1D,#FFFFFF,高,确认,DOJ 审判证据与陪审团裁决
2024-07-28,基辅 29 岁 Crypto 持有人因约 3 BTC 被绑架杀害,Kyiv crypto holder kidnapped and murdered for 3 BTC,犯罪发生,绑架/抢劫/杀人,四人被指跟踪受害者、强迫转移 Bitcoin 后勒死并埋尸,四名嫌疑人被羁押并面临谋财杀人、抢劫、非法拘禁等指控,https://www.pravda.com.ua/rus/news/2024/07/29/7467895/,,KYIV,基辅 3 BTC 绑架杀人,线下暴力,#991B1B,#FFFFFF,高,确认,乌克兰首都警方通报；嫌疑人责任仍待法院裁判
2024-11-06,WonderFi CEO Dean Skurka 在多伦多被绑架,WonderFi CEO Dean Skurka kidnapped,犯罪发生,绑架/勒索,警方称受害者被强行拉入车辆并遭索款；CBC 报道支付 100 万加元电子赎金后获释,WonderFi 与 Skurka 确认事件及安全；警方调查继续,https://betakit.com/wonderfi-ceo-dean-skurka-kidnapped-released-after-reportedly-paying-1-million-ransom/,,DS,Dean Skurka 绑架,线下暴力,#0052FF,#FFFFFF,高,确认,警方确认绑架经过；赎金数额来自 CBC 报道
2025-01-21,Ledger 联合创办人 David Balland 及妻子被绑架,David Balland and wife kidnapped,犯罪发生,绑架/酷刑/勒索,绑匪索要大额 Crypto 赎金并切断 Balland 一根手指；法国 GIGN 解救两人,十人被捕；司法调查涉及有组织绑架、酷刑与持械勒索,https://www.lemonde.fr/en/pixels/article/2025/01/24/kidnappers-of-french-crypto-figure-and-his-wife-arrested-after-massive-manhunt_6737379_13.html,,DB,David Balland 绑架,线下暴力,#172852,#FFFFFF,高,确认,巴黎检察机关发布会与 Le Monde 调查报道
2025-05-01,French Crypto investor 的父亲 Dominique B. 被绑架,Father of French crypto investor kidnapped,犯罪发生,绑架/酷刑/勒索,绑匪索要 800 万欧元 Crypto 赎金并切断受害者一截手指；约 58 小时后获救,多名嫌疑人被捕；警方怀疑与其他 Crypto 绑架共享幕后组织者,https://www.lemonde.fr/en/france/article/2025/05/30/how-french-police-tracked-the-kidnappers-of-a-crypto-investor-s-relative_6741826_7.html,,DOM,Crypto 投资者父亲绑架,线下暴力,#475569,#FFFFFF,高,确认,Le Monde 基于警方调查材料重建案件
2025-05-06,纽约 SoHo Bitcoin 密码酷刑案,SoHo Bitcoin password torture case,犯罪发生,绑架/酷刑/抢劫,受害者称被控制 17 日、遭电击殴打并被要求交出 Bitcoin 密码,两名被告被起诉并否认指控；案件仍在审理,https://www.investing.com/news/world-news/second-man-charged-in-violent-new-york-kidnapping-crypto-case-appears-in-court-4073396,https://apnews.com/article/9629e93d0b14db0a288a86489fefc51d,NYC,SoHo Bitcoin 酷刑案,线下暴力,#111827,#FFFFFF,高,确认,Reuters 与 AP 引述检方和法庭材料；被告责任尚未定案
2025-05-13,Paymium 创办人女儿遭街头绑架未遂,Attempted kidnapping of Paymium founder's daughter,犯罪发生,绑架未遂,蒙面人当街袭击 Paymium 创办人的女儿及其伴侣；受害者反抗且邻居介入后脱险,警方后续逮捕涉嫌参与该案及其他 Crypto 绑架的人员,https://www.lemonde.fr/en/france/article/2025/05/30/how-french-police-tracked-the-kidnappers-of-a-crypto-investor-s-relative_6741826_7.html,https://reuters.screenocean.com/record/1999239,PAY,Paymium 女儿绑架未遂,线下暴力,#6B7280,#FFFFFF,高,确认,Le Monde 基于警方调查并识别受害者与 Crypto 行业关系
2025-09-19,明尼苏达家庭遭持枪绑架并被迫转移 800 万美元 Crypto,Minnesota family held at gunpoint for $8M crypto,犯罪发生,绑架/入室抢劫,一家三口被持枪控制九小时；一名受害者被押往三小时车程外取硬件钱包,两兄弟被州与联邦起诉；其中一人被控后供认，刑事投诉仍属指控,https://www.justice.gov/usao-mn/pr/brothers-charged-8-million-armed-crypto-kidnapping-heist-0,,MN8M,明州 800 万美元绑架,线下暴力,#7C2D12,#FFFFFF,高,确认,DOJ 联邦刑事投诉及地方执法材料
2026-08-07,Harry Yeh 在巴拉圭高层公寓坠亡且房间被翻乱,Harry Yeh dies after high-rise fall in Paraguay,公开调查,可疑死亡/疑似入室洗劫,Harry Yeh 被发现裸体死于 Asunción Jade Park 楼外；其 30 层公寓门开着且内部被翻乱,检方下令尸检；意外、自杀与他杀均在调查，尚无证据证明 Crypto 是动机,https://www.dimsumdaily.hk/chinese-crypto-investor-harry-chun-tak-yeh-found-dead-after-falling-from-thirty-storey-building-in-paraguay/,https://x.com/planbparaguay/status/2086495841179627775,HY,Harry Yeh 可疑死亡,线下暴力,#1D4ED8,#FFFFFF,中,关联待证,目前仅找到二手媒体与社交平台交叉报道；未找到巴拉圭警方或检方公开原始通报
